machine_id,plant_id,machine_name,tonnage,manufacturer,install_year,status
M01,P01,IMM-01,1000,Engel,2019,Active
M02,P01,IMM-02,3000,Shibaura,2014,Active
M03,P01,IMM-03,750,Engel,2013,Active
M04,P01,IMM-04,1500,Husky,2016,Active
M05,P01,IMM-05,1000,Shibaura,2017,Active
M06,P01,IMM-06,2500,Shibaura,2016,Active
M07,P02,IMM-07,750,Shibaura,2020,Active
M08,P02,IMM-08,1000,Milacron,2018,Active
M09,P02,IMM-09,3000,Arburg,2024,Active
M10,P02,IMM-10,3000,Engel,2014,Active
M11,P02,IMM-11,1500,Engel,2015,Active
M12,P02,IMM-12,1500,Shibaura,2024,Active
M13,P03,IMM-13,750,Shibaura,2013,Active
M14,P03,IMM-14,2500,Shibaura,2023,Active
M15,P03,IMM-15,750,Shibaura,2013,Active
M16,P03,IMM-16,1500,Husky,2016,Active
M17,P03,IMM-17,500,Milacron,2016,Active
M18,P03,IMM-18,2000,Husky,2016,Active
M19,P04,IMM-19,3000,Engel,2021,Active
M20,P04,IMM-20,2500,Arburg,2015,Active
M21,P04,IMM-21,500,Shibaura,2024,Active
M22,P04,IMM-22,750,Engel,2013,Active
M23,P04,IMM-23,500,Shibaura,2023,Active
M24,P04,IMM-24,750,Milacron,2014,Active
M25,P05,IMM-25,1000,Husky,2021,Active
M26,P05,IMM-26,3000,Engel,2014,Active
M27,P05,IMM-27,750,Arburg,2024,Active
M28,P05,IMM-28,2500,Arburg,2024,Active
M29,P05,IMM-29,1500,Husky,2017,Active
M30,P05,IMM-30,750,Shibaura,2012,Active
