product_id,unit_price,standard_cost,effective_from,effective_to,is_current
SKU-1007,11.6,7.26,2025-01-01,2025-09-30,0
SKU-1007,12.35,7.26,2025-10-01,,1
SKU-1014,8.01,5.13,2025-01-01,2025-09-30,0
SKU-1014,8.57,5.13,2025-10-01,,1
SKU-1021,4.75,3.35,2025-01-01,2025-09-30,0
SKU-1021,5.11,3.35,2025-10-01,,1
SKU-1028,15.83,10.96,2025-01-01,2025-09-30,0
SKU-1028,16.48,10.96,2025-10-01,,1
SKU-1035,2.38,1.5,2025-01-01,2025-09-30,0
SKU-1035,2.53,1.5,2025-10-01,,1
SKU-1042,26.78,16.34,2025-01-01,2025-09-30,0
SKU-1042,28.78,16.34,2025-10-01,,1
SKU-1049,17.66,12.16,2025-01-01,2025-09-30,0
SKU-1049,18.23,12.16,2025-10-01,,1
SKU-1056,11.54,7.42,2025-01-01,2025-09-30,0
SKU-1056,12.44,7.42,2025-10-01,,1
SKU-1063,27.29,18.77,2025-01-01,2025-09-30,0
SKU-1063,28.37,18.77,2025-10-01,,1
SKU-1070,11.69,8.57,2025-01-01,2025-09-30,0
SKU-1070,12.43,8.57,2025-10-01,,1
SKU-1077,16.9,10.98,2025-01-01,2025-09-30,0
SKU-1077,17.67,10.98,2025-10-01,,1
SKU-1084,7.79,5.47,2025-01-01,2025-09-30,0
SKU-1084,8.14,5.47,2025-10-01,,1
SKU-1091,20.36,15.04,2025-01-01,2025-09-30,0
SKU-1091,20.98,15.04,2025-10-01,,1
SKU-1098,4.92,3.19,2025-01-01,2025-09-30,0
SKU-1098,5.26,3.19,2025-10-01,,1
SKU-1105,9.54,7.16,2025-01-01,2025-09-30,0
SKU-1105,9.88,7.16,2025-10-01,,1
SKU-1112,13.02,8.74,2025-01-01,2025-09-30,0
SKU-1112,13.91,8.74,2025-10-01,,1
SKU-1119,11.12,7.48,2025-01-01,2025-09-30,0
SKU-1119,11.62,7.48,2025-10-01,,1
SKU-1126,18.72,13.77,2025-01-01,2025-09-30,0
SKU-1126,19.66,13.77,2025-10-01,,1
SKU-1133,8.13,6.25,2025-01-01,2025-09-30,0
SKU-1133,8.49,6.25,2025-10-01,,1
SKU-1140,17.88,12.03,2025-01-01,2025-09-30,0
SKU-1140,19.12,12.03,2025-10-01,,1
SKU-1147,28.37,17.94,2025-01-01,2025-09-30,0
SKU-1147,29.46,17.94,2025-10-01,,1
SKU-1154,3.85,2.49,2025-01-01,2025-09-30,0
SKU-1154,4.05,2.49,2025-10-01,,1
SKU-1161,5.35,4.0,2025-01-01,2025-09-30,0
SKU-1161,5.7,4.0,2025-10-01,,1
SKU-1168,5.33,3.83,2025-01-01,2025-09-30,0
SKU-1168,5.66,3.83,2025-10-01,,1
SKU-1175,13.63,10.3,2025-01-01,2025-09-30,0
SKU-1175,14.69,10.3,2025-10-01,,1
SKU-1182,8.92,6.47,2025-01-01,2025-09-30,0
SKU-1182,9.62,6.47,2025-10-01,,1
SKU-1189,40.15,27.76,2025-01-01,2025-09-30,0
SKU-1189,41.9,27.76,2025-10-01,,1
SKU-1196,39.91,27.55,2025-01-01,2025-09-30,0
SKU-1196,41.51,27.55,2025-10-01,,1
SKU-1203,11.8,8.77,2025-01-01,2025-09-30,0
SKU-1203,12.66,8.77,2025-10-01,,1
SKU-1210,28.38,19.71,2025-01-01,2025-09-30,0
SKU-1210,30.12,19.71,2025-10-01,,1
SKU-1217,38.88,29.65,2025-01-01,2025-09-30,0
SKU-1217,40.85,29.65,2025-10-01,,1
SKU-1224,26.34,18.79,2025-01-01,2025-09-30,0
SKU-1224,27.32,18.79,2025-10-01,,1
SKU-1231,9.46,7.04,2025-01-01,2025-09-30,0
SKU-1231,10.18,7.04,2025-10-01,,1
SKU-1238,7.76,5.18,2025-01-01,2025-09-30,0
SKU-1238,8.0,5.18,2025-10-01,,1
SKU-1245,18.16,11.57,2025-01-01,2025-09-30,0
SKU-1245,18.78,11.57,2025-10-01,,1
SKU-1252,21.1,12.97,2025-01-01,2025-09-30,0
SKU-1252,22.34,12.97,2025-10-01,,1
SKU-1259,11.64,8.3,2025-01-01,2025-09-30,0
SKU-1259,12.29,8.3,2025-10-01,,1
SKU-1266,25.26,15.93,2025-01-01,2025-09-30,0
SKU-1266,27.15,15.93,2025-10-01,,1
SKU-1273,24.53,18.58,2025-01-01,2025-09-30,0
SKU-1273,26.09,18.58,2025-10-01,,1
SKU-1280,11.2,7.23,2025-01-01,2025-09-30,0
SKU-1280,11.97,7.23,2025-10-01,,1
