sales_order_line_id,sales_order_id,product_id,ordered_qty,unit_price,LastModifiedDate
SOL-0000001,SO-000001,SKU-1021,631,4.75,2025-02-15 13:00:00
SOL-0000002,SO-000001,SKU-1028,1704,15.83,2025-02-15 01:00:00
SOL-0000003,SO-000001,SKU-1182,853,8.92,2025-02-17 20:00:00
SOL-0000004,SO-000001,SKU-1245,1060,18.16,2025-02-17 02:00:00
SOL-0000005,SO-000002,SKU-1224,1881,26.34,2025-02-15 09:00:00
SOL-0000006,SO-000002,SKU-1217,2368,38.88,2025-02-17 05:00:00
SOL-0000007,SO-000003,SKU-1217,1640,38.88,2025-02-15 05:00:00
SOL-0000008,SO-000003,SKU-1161,1717,5.35,2025-02-17 00:00:00
SOL-0000009,SO-000004,SKU-1203,909,11.8,2025-02-17 00:00:00
SOL-0000010,SO-000004,SKU-1077,1893,16.9,2025-02-17 21:00:00
SOL-0000011,SO-000005,SKU-1049,1440,17.66,2025-02-15 13:00:00
SOL-0000012,SO-000005,SKU-1245,2387,18.16,2025-02-15 15:00:00
SOL-0000013,SO-000006,SKU-1273,2808,24.53,2025-02-17 01:00:00
SOL-0000014,SO-000006,SKU-1049,2395,17.66,2025-02-16 20:00:00
SOL-0000015,SO-000006,SKU-1154,1130,3.85,2025-02-16 20:00:00
SOL-0000016,SO-000007,SKU-1203,2250,11.8,2025-02-16 20:00:00
SOL-0000017,SO-000007,SKU-1091,556,20.36,2025-02-16 08:00:00
SOL-0000018,SO-000007,SKU-1273,448,24.53,2025-02-16 12:00:00
SOL-0000019,SO-000007,SKU-1049,2890,17.66,2025-02-17 21:00:00
SOL-0000020,SO-000008,SKU-1049,2720,17.66,2025-02-17 22:00:00
SOL-0000021,SO-000008,SKU-1252,1136,21.1,2025-02-17 16:00:00
SOL-0000022,SO-000009,SKU-1154,1452,3.85,2025-02-15 16:00:00
SOL-0000023,SO-000009,SKU-1252,1940,21.1,2025-02-15 14:00:00
SOL-0000024,SO-000010,SKU-1154,1768,3.85,2025-02-16 11:00:00
SOL-0000025,SO-000010,SKU-1224,1114,26.34,2025-02-17 13:00:00
SOL-0000026,SO-000010,SKU-1259,1779,11.64,2025-02-17 12:00:00
SOL-0000027,SO-000010,SKU-1217,826,38.88,2025-02-17 15:00:00
SOL-0000028,SO-000011,SKU-1189,1233,40.15,2025-02-17 14:00:00
SOL-0000029,SO-000011,SKU-1007,1450,11.6,2025-02-16 08:00:00
SOL-0000030,SO-000011,SKU-1077,2064,16.9,2025-02-15 13:00:00
SOL-0000031,SO-000012,SKU-1056,1676,11.54,2025-02-15 15:00:00
SOL-0000032,SO-000012,SKU-1280,365,11.2,2025-02-17 10:00:00
SOL-0000033,SO-000012,SKU-1217,1428,38.88,2025-02-15 01:00:00
SOL-0000034,SO-000012,SKU-1049,313,17.66,2025-02-15 07:00:00
SOL-0000035,SO-000013,SKU-1189,534,40.15,2025-02-15 20:00:00
SOL-0000036,SO-000013,SKU-1049,1630,17.66,2025-02-15 18:00:00
SOL-0000037,SO-000013,SKU-1098,1265,4.92,2025-02-16 22:00:00
SOL-0000038,SO-000014,SKU-1273,1186,24.53,2025-02-17 20:00:00
SOL-0000039,SO-000014,SKU-1084,2188,7.79,2025-02-16 02:00:00
SOL-0000040,SO-000015,SKU-1259,2118,11.64,2025-02-16 16:00:00
SOL-0000041,SO-000015,SKU-1042,280,26.78,2025-02-15 13:00:00
SOL-0000042,SO-000015,SKU-1007,716,11.6,2025-02-15 08:00:00
SOL-0000043,SO-000016,SKU-1217,829,38.88,2025-02-15 13:00:00
SOL-0000044,SO-000016,SKU-1133,1766,8.13,2025-02-16 06:00:00
SOL-0000045,SO-000017,SKU-1021,2272,4.75,2025-02-15 07:00:00
SOL-0000046,SO-000017,SKU-1273,1087,24.53,2025-02-16 15:00:00
SOL-0000047,SO-000018,SKU-1007,1652,11.6,2025-02-17 19:00:00
SOL-0000048,SO-000018,SKU-1245,1876,18.16,2025-02-16 15:00:00
SOL-0000049,SO-000018,SKU-1098,2207,4.92,2025-02-15 10:00:00
SOL-0000050,SO-000018,SKU-1133,689,8.13,2025-02-15 20:00:00
SOL-0000051,SO-000019,SKU-1084,590,7.79,2025-02-16 10:00:00
SOL-0000052,SO-000019,SKU-1007,1412,11.6,2025-02-15 19:00:00
SOL-0000053,SO-000019,SKU-1161,213,5.35,2025-02-16 12:00:00
SOL-0000054,SO-000019,SKU-1133,749,8.13,2025-02-17 03:00:00
SOL-0000055,SO-000020,SKU-1028,1723,15.83,2025-02-15 21:00:00
SOL-0000056,SO-000020,SKU-1252,2397,21.1,2025-02-15 22:00:00
SOL-0000057,SO-000021,SKU-1154,1904,3.85,2025-02-17 19:00:00
SOL-0000058,SO-000021,SKU-1280,2548,11.2,2025-02-17 19:00:00
SOL-0000059,SO-000021,SKU-1028,1895,15.83,2025-02-15 05:00:00
SOL-0000060,SO-000022,SKU-1021,1195,4.75,2025-02-16 16:00:00
SOL-0000061,SO-000022,SKU-1189,2333,40.15,2025-02-17 03:00:00
SOL-0000062,SO-000022,SKU-1245,2471,18.16,2025-02-17 17:00:00
SOL-0000063,SO-000022,SKU-1042,721,26.78,2025-02-16 08:00:00
SOL-0000064,SO-000023,SKU-1203,1935,11.8,2025-02-16 21:00:00
SOL-0000065,SO-000023,SKU-1028,1486,15.83,2025-02-15 07:00:00
SOL-0000066,SO-000023,SKU-1084,2042,7.79,2025-02-17 17:00:00
SOL-0000067,SO-000023,SKU-1224,2611,26.34,2025-02-16 07:00:00
SOL-0000068,SO-000024,SKU-1224,808,26.34,2025-02-16 02:00:00
SOL-0000069,SO-000024,SKU-1175,1578,13.63,2025-02-15 12:00:00
SOL-0000070,SO-000024,SKU-1189,529,40.15,2025-02-16 08:00:00
SOL-0000071,SO-000024,SKU-1259,1694,11.64,2025-02-16 16:00:00
SOL-0000072,SO-000025,SKU-1217,268,38.88,2025-02-17 01:00:00
SOL-0000073,SO-000025,SKU-1084,1396,7.79,2025-02-17 20:00:00
SOL-0000074,SO-000026,SKU-1021,2937,4.75,2025-02-17 19:00:00
SOL-0000075,SO-000026,SKU-1049,1388,17.66,2025-02-16 05:00:00
SOL-0000076,SO-000026,SKU-1161,2500,5.35,2025-02-17 21:00:00
SOL-0000077,SO-000026,SKU-1273,1779,24.53,2025-02-17 02:00:00
SOL-0000078,SO-000027,SKU-1161,2353,5.35,2025-02-16 01:00:00
SOL-0000079,SO-000027,SKU-1224,1367,26.34,2025-02-17 14:00:00
SOL-0000080,SO-000027,SKU-1182,1768,8.92,2025-02-16 04:00:00
SOL-0000081,SO-000027,SKU-1028,1193,15.83,2025-02-17 05:00:00
SOL-0000082,SO-000028,SKU-1259,2832,11.64,2025-02-16 20:00:00
SOL-0000083,SO-000028,SKU-1273,2534,24.53,2025-02-17 09:00:00
SOL-0000084,SO-000029,SKU-1252,2962,21.1,2025-02-15 18:00:00
SOL-0000085,SO-000029,SKU-1021,2201,4.75,2025-02-17 11:00:00
SOL-0000086,SO-000030,SKU-1280,2535,11.2,2025-02-16 19:00:00
SOL-0000087,SO-000030,SKU-1077,500,16.9,2025-02-16 06:00:00
SOL-0000088,SO-000031,SKU-1154,2970,3.85,2025-02-17 20:00:00
SOL-0000089,SO-000031,SKU-1182,2887,8.92,2025-02-15 00:00:00
SOL-0000090,SO-000031,SKU-1084,1272,7.79,2025-02-17 20:00:00
SOL-0000091,SO-000031,SKU-1203,2344,11.8,2025-02-16 00:00:00
SOL-0000092,SO-000032,SKU-1217,1265,38.88,2025-02-15 07:00:00
SOL-0000093,SO-000032,SKU-1189,2171,40.15,2025-02-15 18:00:00
SOL-0000094,SO-000033,SKU-1021,2104,4.75,2025-02-17 14:00:00
SOL-0000095,SO-000033,SKU-1084,491,7.79,2025-02-17 08:00:00
SOL-0000096,SO-000033,SKU-1224,671,26.34,2025-02-16 14:00:00
SOL-0000097,SO-000033,SKU-1042,2593,26.78,2025-02-17 04:00:00
SOL-0000098,SO-000034,SKU-1028,1017,15.83,2025-02-15 08:00:00
SOL-0000099,SO-000034,SKU-1007,2484,11.6,2025-02-16 09:00:00
SOL-0000100,SO-000034,SKU-1259,1136,11.64,2025-02-16 02:00:00
SOL-0000101,SO-000035,SKU-1217,2967,38.88,2025-02-17 10:00:00
SOL-0000102,SO-000035,SKU-1203,2587,11.8,2025-02-15 19:00:00
SOL-0000103,SO-000035,SKU-1028,1643,15.83,2025-02-16 11:00:00
SOL-0000104,SO-000036,SKU-1273,2985,24.53,2025-02-16 08:00:00
SOL-0000105,SO-000036,SKU-1259,2439,11.64,2025-02-17 14:00:00
SOL-0000106,SO-000036,SKU-1175,2543,13.63,2025-02-16 19:00:00
SOL-0000107,SO-000037,SKU-1042,643,26.78,2025-02-17 21:00:00
SOL-0000108,SO-000037,SKU-1049,594,17.66,2025-02-15 01:00:00
SOL-0000109,SO-000038,SKU-1028,1189,15.83,2025-02-15 12:00:00
SOL-0000110,SO-000038,SKU-1175,1032,13.63,2025-02-16 07:00:00
SOL-0000111,SO-000039,SKU-1077,1377,16.9,2025-02-16 13:00:00
SOL-0000112,SO-000039,SKU-1056,693,11.54,2025-02-16 08:00:00
SOL-0000113,SO-000039,SKU-1042,1256,26.78,2025-02-15 03:00:00
SOL-0000114,SO-000040,SKU-1259,2087,11.64,2025-02-16 01:00:00
SOL-0000115,SO-000040,SKU-1098,1950,4.92,2025-02-15 06:00:00
SOL-0000116,SO-000040,SKU-1252,1283,21.1,2025-02-16 22:00:00
SOL-0000117,SO-000041,SKU-1189,2366,40.15,2025-02-17 11:00:00
SOL-0000118,SO-000041,SKU-1252,2419,21.1,2025-02-16 21:00:00
SOL-0000119,SO-000042,SKU-1189,409,41.9,2025-02-16 06:00:00
SOL-0000120,SO-000042,SKU-1280,931,11.97,2025-02-15 22:00:00
SOL-0000121,SO-000043,SKU-1189,2065,41.9,2025-02-17 13:00:00
SOL-0000122,SO-000043,SKU-1280,2374,11.97,2025-02-16 14:00:00
SOL-0000123,SO-000043,SKU-1259,337,12.29,2025-02-15 15:00:00
SOL-0000124,SO-000043,SKU-1098,1425,5.26,2025-02-16 04:00:00
SOL-0000125,SO-000044,SKU-1224,1055,27.32,2025-02-16 10:00:00
SOL-0000126,SO-000044,SKU-1049,618,18.23,2025-02-17 20:00:00
SOL-0000127,SO-000044,SKU-1084,481,8.14,2025-02-17 02:00:00
SOL-0000128,SO-000044,SKU-1273,2491,26.09,2025-02-16 21:00:00
SOL-0000129,SO-000045,SKU-1154,1238,4.05,2025-02-15 17:00:00
SOL-0000130,SO-000045,SKU-1091,1606,20.98,2025-02-17 11:00:00
SOL-0000131,SO-000045,SKU-1182,2377,9.62,2025-02-17 16:00:00
SOL-0000132,SO-000046,SKU-1245,1613,18.78,2025-02-17 07:00:00
SOL-0000133,SO-000046,SKU-1259,1412,12.29,2025-02-15 02:00:00
SOL-0000134,SO-000047,SKU-1203,2709,12.66,2025-02-15 01:00:00
SOL-0000135,SO-000047,SKU-1161,800,5.7,2025-02-15 11:00:00
SOL-0000136,SO-000047,SKU-1042,2641,28.78,2025-02-15 08:00:00
SOL-0000137,SO-000048,SKU-1259,1582,12.29,2025-02-15 06:00:00
SOL-0000138,SO-000048,SKU-1161,202,5.7,2025-02-17 08:00:00
SOL-0000139,SO-000048,SKU-1098,628,5.26,2025-02-17 01:00:00
SOL-0000140,SO-000048,SKU-1273,2309,26.09,2025-02-15 19:00:00
SOL-0000141,SO-000049,SKU-1154,290,4.05,2025-02-17 20:00:00
SOL-0000142,SO-000049,SKU-1021,2204,5.11,2025-02-15 00:00:00
SOL-0000143,SO-000050,SKU-1175,894,14.69,2025-02-17 22:00:00
SOL-0000144,SO-000050,SKU-1182,257,9.62,2025-02-17 22:00:00
SOL-0000145,SO-000050,SKU-1049,1042,18.23,2025-02-15 05:00:00
SOL-0000146,SO-000050,SKU-1252,2457,22.34,2025-02-17 05:00:00
SOL-0000147,SO-000051,SKU-1077,2150,17.67,2025-02-17 16:00:00
SOL-0000148,SO-000051,SKU-1203,2370,12.66,2025-02-17 06:00:00
SOL-0000149,SO-000052,SKU-1182,1499,9.62,2025-02-16 10:00:00
SOL-0000150,SO-000052,SKU-1084,2121,8.14,2025-02-17 01:00:00
SOL-0000151,SO-000052,SKU-1007,581,12.35,2025-02-15 05:00:00
SOL-0000152,SO-000052,SKU-1175,2466,14.69,2025-02-17 19:00:00
SOL-0000153,SO-000053,SKU-1091,1278,20.98,2025-02-17 21:00:00
SOL-0000154,SO-000053,SKU-1049,2501,18.23,2025-02-15 06:00:00
SOL-0000155,SO-000054,SKU-1273,1862,26.09,2025-02-15 04:00:00
SOL-0000156,SO-000054,SKU-1028,454,16.48,2025-02-17 10:00:00
SOL-0000157,SO-000054,SKU-1245,1238,18.78,2025-02-17 19:00:00
SOL-0000158,SO-000055,SKU-1056,2635,12.44,2025-02-17 13:00:00
SOL-0000159,SO-000055,SKU-1182,730,9.62,2025-02-15 17:00:00
SOL-0000160,SO-000056,SKU-1252,2078,22.34,2025-02-16 13:00:00
SOL-0000161,SO-000056,SKU-1091,1097,20.98,2025-02-16 18:00:00
SOL-0000162,SO-000056,SKU-1028,915,16.48,2025-02-15 10:00:00
SOL-0000163,SO-000056,SKU-1182,706,9.62,2025-02-17 09:00:00
SOL-0000164,SO-000057,SKU-1161,1196,5.7,2025-02-15 05:00:00
SOL-0000165,SO-000057,SKU-1203,2837,12.66,2025-02-15 00:00:00
SOL-0000166,SO-000058,SKU-1203,444,12.66,2025-02-17 15:00:00
SOL-0000167,SO-000058,SKU-1224,1342,27.32,2025-02-17 11:00:00
SOL-0000168,SO-000058,SKU-1021,1435,5.11,2025-02-17 22:00:00
SOL-0000169,SO-000058,SKU-1175,1730,14.69,2025-02-16 00:00:00
SOL-0000170,SO-000059,SKU-1133,1423,8.49,2025-02-16 19:00:00
SOL-0000171,SO-000059,SKU-1161,1904,5.7,2025-02-15 02:00:00
SOL-0000172,SO-000059,SKU-1077,2401,17.67,2025-02-16 04:00:00
SOL-0000173,SO-000059,SKU-1049,1019,18.23,2025-02-17 11:00:00
SOL-0000174,SO-000060,SKU-1203,1858,12.66,2025-02-17 17:00:00
SOL-0000175,SO-000060,SKU-1217,2543,40.85,2025-02-15 13:00:00
SOL-0000176,SO-000060,SKU-1252,2667,22.34,2025-02-15 18:00:00
SOL-0000177,SO-000060,SKU-1161,2869,5.7,2025-02-16 08:00:00
SOL-0000178,SO-000061,SKU-1077,2276,17.67,2025-02-15 05:00:00
SOL-0000179,SO-000061,SKU-1203,469,12.66,2025-02-15 17:00:00
SOL-0000180,SO-000061,SKU-1175,217,14.69,2025-02-17 19:00:00
SOL-0000181,SO-000061,SKU-1049,1258,18.23,2025-02-16 00:00:00
SOL-0000182,SO-000062,SKU-1091,2696,20.98,2025-02-17 05:00:00
SOL-0000183,SO-000062,SKU-1280,1714,11.97,2025-02-16 19:00:00
SOL-0000184,SO-000063,SKU-1280,1698,11.97,2025-02-16 08:00:00
SOL-0000185,SO-000063,SKU-1259,1966,12.29,2025-02-15 19:00:00
SOL-0000186,SO-000063,SKU-1182,947,9.62,2025-02-16 14:00:00
SOL-0000187,SO-000063,SKU-1042,1601,28.78,2025-02-17 18:00:00
SOL-0000188,SO-000064,SKU-1154,2258,4.05,2025-02-16 16:00:00
SOL-0000189,SO-000064,SKU-1161,1393,5.7,2025-02-16 01:00:00
SOL-0000190,SO-000064,SKU-1217,373,40.85,2025-02-15 05:00:00
SOL-0000191,SO-000064,SKU-1021,299,5.11,2025-02-15 10:00:00
SOL-0000192,SO-000065,SKU-1091,1739,20.98,2025-02-17 21:00:00
SOL-0000193,SO-000065,SKU-1021,1904,5.11,2025-02-16 05:00:00
SOL-0000194,SO-000065,SKU-1098,1349,5.26,2025-02-17 06:00:00
SOL-0000195,SO-000065,SKU-1203,2612,12.66,2025-02-15 13:00:00
SOL-0000196,SO-000066,SKU-1133,1144,8.49,2025-02-15 21:00:00
SOL-0000197,SO-000066,SKU-1273,600,26.09,2025-02-17 13:00:00
SOL-0000198,SO-000067,SKU-1056,856,12.44,2025-02-15 21:00:00
SOL-0000199,SO-000067,SKU-1042,981,28.78,2025-02-16 09:00:00
SOL-0000200,SO-000068,SKU-1224,2587,27.32,2025-02-17 09:00:00
SOL-0000201,SO-000068,SKU-1280,2188,11.97,2025-02-17 12:00:00
SOL-0000202,SO-000068,SKU-1021,2785,5.11,2025-02-16 11:00:00
SOL-0000203,SO-000069,SKU-1042,1680,28.78,2025-02-17 18:00:00
SOL-0000204,SO-000069,SKU-1091,2368,20.98,2025-02-16 14:00:00
SOL-0000205,SO-000069,SKU-1028,2841,16.48,2025-02-17 22:00:00
SOL-0000206,SO-000070,SKU-1273,1649,26.09,2025-02-16 04:00:00
SOL-0000207,SO-000070,SKU-1028,364,16.48,2025-02-15 12:00:00
SOL-0000208,SO-000070,SKU-1042,229,28.78,2025-02-15 13:00:00
SOL-0000209,SO-000071,SKU-1252,1073,22.34,2025-02-16 17:00:00
SOL-0000210,SO-000071,SKU-1098,785,5.26,2025-02-16 16:00:00
SOL-0000211,SO-000071,SKU-1133,2984,8.49,2025-02-17 16:00:00
SOL-0000212,SO-000072,SKU-1203,1763,12.66,2025-02-15 12:00:00
SOL-0000213,SO-000072,SKU-1259,2737,12.29,2025-02-15 17:00:00
SOL-0000214,SO-000072,SKU-1280,1523,11.97,2025-02-16 21:00:00
SOL-0000215,SO-000072,SKU-1189,2522,41.9,2025-02-16 06:00:00
SOL-0000216,SO-000073,SKU-1028,1664,16.48,2025-02-17 04:00:00
SOL-0000217,SO-000073,SKU-1098,2371,5.26,2025-02-15 08:00:00
SOL-0000218,SO-000073,SKU-1259,210,12.29,2025-02-15 16:00:00
SOL-0000219,SO-000074,SKU-1133,1364,8.49,2025-02-15 04:00:00
SOL-0000220,SO-000074,SKU-1245,1745,18.78,2025-02-15 22:00:00
SOL-0000221,SO-000074,SKU-1280,1568,11.97,2025-02-16 11:00:00
SOL-0000222,SO-000074,SKU-1175,2482,14.69,2025-02-17 18:00:00
SOL-0000223,SO-000075,SKU-1259,2200,12.29,2025-02-16 21:00:00
SOL-0000224,SO-000075,SKU-1224,1658,27.32,2025-02-17 22:00:00
SOL-0000225,SO-000076,SKU-1280,2177,11.97,2025-02-16 21:00:00
SOL-0000226,SO-000076,SKU-1224,1533,27.32,2025-02-15 01:00:00
SOL-0000227,SO-000077,SKU-1056,2480,12.44,2025-02-17 08:00:00
SOL-0000228,SO-000077,SKU-1084,930,8.14,2025-02-16 16:00:00
SOL-0000229,SO-000077,SKU-1049,1201,18.23,2025-02-16 12:00:00
SOL-0000230,SO-000077,SKU-1077,508,17.67,2025-02-16 14:00:00
SOL-0000231,SO-000078,SKU-1175,1451,14.69,2025-02-17 13:00:00
SOL-0000232,SO-000078,SKU-1154,1493,4.05,2025-02-15 01:00:00
SOL-0000233,SO-000078,SKU-1259,1060,12.29,2025-02-15 06:00:00
SOL-0000234,SO-000078,SKU-1133,319,8.49,2025-02-15 17:00:00
SOL-0000235,SO-000079,SKU-1245,351,18.78,2025-02-15 00:00:00
SOL-0000236,SO-000079,SKU-1042,947,28.78,2025-02-17 17:00:00
SOL-0000237,SO-000080,SKU-1154,1663,4.05,2025-02-16 16:00:00
SOL-0000238,SO-000080,SKU-1007,2577,12.35,2025-02-17 21:00:00
SOL-0000239,SO-000080,SKU-1175,1671,14.69,2025-02-17 04:00:00
SOL-0000240,SO-000081,SKU-1224,1254,27.32,2025-02-15 11:00:00
SOL-0000241,SO-000081,SKU-1161,1591,5.7,2025-02-16 21:00:00
SOL-0000242,SO-000082,SKU-1014,922,8.01,2025-02-17 22:00:00
SOL-0000243,SO-000082,SKU-1259,746,11.64,2025-02-17 17:00:00
SOL-0000244,SO-000082,SKU-1224,2944,26.34,2025-02-17 11:00:00
SOL-0000245,SO-000083,SKU-1175,1497,13.63,2025-02-17 17:00:00
SOL-0000246,SO-000083,SKU-1091,1023,20.36,2025-02-16 18:00:00
SOL-0000247,SO-000084,SKU-1091,803,20.36,2025-02-15 21:00:00
SOL-0000248,SO-000084,SKU-1028,2284,15.83,2025-02-17 16:00:00
SOL-0000249,SO-000084,SKU-1238,1214,7.76,2025-02-15 03:00:00
SOL-0000250,SO-000085,SKU-1175,2057,13.63,2025-02-16 16:00:00
SOL-0000251,SO-000085,SKU-1259,2730,11.64,2025-02-17 11:00:00
SOL-0000252,SO-000086,SKU-1014,1437,8.01,2025-02-17 18:00:00
SOL-0000253,SO-000086,SKU-1049,2591,17.66,2025-02-17 06:00:00
SOL-0000254,SO-000087,SKU-1056,2664,11.54,2025-02-17 02:00:00
SOL-0000255,SO-000087,SKU-1224,2715,26.34,2025-02-16 05:00:00
SOL-0000256,SO-000087,SKU-1252,2134,21.1,2025-02-16 14:00:00
SOL-0000257,SO-000088,SKU-1028,722,15.83,2025-02-15 20:00:00
SOL-0000258,SO-000088,SKU-1217,1364,38.88,2025-02-15 05:00:00
SOL-0000259,SO-000089,SKU-1056,1141,11.54,2025-02-15 00:00:00
SOL-0000260,SO-000089,SKU-1021,202,4.75,2025-02-17 02:00:00
SOL-0000261,SO-000090,SKU-1091,1501,20.36,2025-02-16 16:00:00
SOL-0000262,SO-000090,SKU-1049,341,17.66,2025-02-16 21:00:00
SOL-0000263,SO-000090,SKU-1140,1171,17.88,2025-02-17 15:00:00
SOL-0000264,SO-000090,SKU-1161,1209,5.35,2025-02-15 17:00:00
SOL-0000265,SO-000091,SKU-1203,307,11.8,2025-02-15 04:00:00
SOL-0000266,SO-000091,SKU-1014,1180,8.01,2025-02-17 01:00:00
SOL-0000267,SO-000091,SKU-1266,1620,25.26,2025-02-15 05:00:00
SOL-0000268,SO-000092,SKU-1252,1919,21.1,2025-02-17 09:00:00
SOL-0000269,SO-000092,SKU-1063,207,27.29,2025-02-15 02:00:00
SOL-0000270,SO-000092,SKU-1259,564,11.64,2025-02-17 19:00:00
SOL-0000271,SO-000093,SKU-1266,531,25.26,2025-02-17 09:00:00
SOL-0000272,SO-000093,SKU-1224,1957,26.34,2025-02-16 14:00:00
SOL-0000273,SO-000093,SKU-1238,1634,7.76,2025-02-17 06:00:00
SOL-0000274,SO-000093,SKU-1028,1925,15.83,2025-02-15 17:00:00
SOL-0000275,SO-000094,SKU-1238,1308,7.76,2025-02-16 06:00:00
SOL-0000276,SO-000094,SKU-1014,2802,8.01,2025-02-15 17:00:00
SOL-0000277,SO-000095,SKU-1196,740,39.91,2025-02-15 14:00:00
SOL-0000278,SO-000095,SKU-1014,1038,8.01,2025-02-15 09:00:00
SOL-0000279,SO-000095,SKU-1056,1302,11.54,2025-02-16 14:00:00
SOL-0000280,SO-000095,SKU-1238,671,7.76,2025-02-15 19:00:00
SOL-0000281,SO-000096,SKU-1091,2369,20.36,2025-02-16 00:00:00
SOL-0000282,SO-000096,SKU-1273,2915,24.53,2025-02-17 22:00:00
SOL-0000283,SO-000096,SKU-1021,2230,4.75,2025-02-15 07:00:00
SOL-0000284,SO-000097,SKU-1091,2635,20.36,2025-02-15 22:00:00
SOL-0000285,SO-000097,SKU-1028,1818,15.83,2025-02-17 01:00:00
SOL-0000286,SO-000097,SKU-1217,1449,38.88,2025-02-17 17:00:00
SOL-0000287,SO-000097,SKU-1063,2251,27.29,2025-02-17 11:00:00
SOL-0000288,SO-000098,SKU-1056,2936,11.54,2025-02-17 05:00:00
SOL-0000289,SO-000098,SKU-1196,1059,39.91,2025-02-16 18:00:00
SOL-0000290,SO-000098,SKU-1091,1096,20.36,2025-02-17 15:00:00
SOL-0000291,SO-000098,SKU-1203,346,11.8,2025-02-15 09:00:00
SOL-0000292,SO-000099,SKU-1266,334,25.26,2025-02-16 10:00:00
SOL-0000293,SO-000099,SKU-1231,707,9.46,2025-02-15 07:00:00
SOL-0000294,SO-000099,SKU-1049,977,17.66,2025-02-15 01:00:00
SOL-0000295,SO-000099,SKU-1056,2678,11.54,2025-02-17 13:00:00
SOL-0000296,SO-000100,SKU-1007,2055,11.6,2025-02-16 12:00:00
SOL-0000297,SO-000100,SKU-1224,2189,26.34,2025-02-15 13:00:00
SOL-0000298,SO-000100,SKU-1266,1171,25.26,2025-02-17 13:00:00
SOL-0000299,SO-000100,SKU-1056,2059,11.54,2025-02-17 17:00:00
SOL-0000300,SO-000101,SKU-1266,1189,25.26,2025-02-17 22:00:00
SOL-0000301,SO-000101,SKU-1007,452,11.6,2025-02-17 14:00:00
SOL-0000302,SO-000102,SKU-1238,959,7.76,2025-02-15 21:00:00
SOL-0000303,SO-000102,SKU-1252,2173,21.1,2025-02-17 10:00:00
SOL-0000304,SO-000103,SKU-1259,2209,11.64,2025-02-15 10:00:00
SOL-0000305,SO-000103,SKU-1091,2092,20.36,2025-02-17 02:00:00
SOL-0000306,SO-000103,SKU-1028,2468,15.83,2025-02-17 12:00:00
SOL-0000307,SO-000103,SKU-1056,2327,11.54,2025-02-15 10:00:00
SOL-0000308,SO-000104,SKU-1014,2300,8.01,2025-02-15 09:00:00
SOL-0000309,SO-000104,SKU-1007,1697,11.6,2025-02-16 18:00:00
SOL-0000310,SO-000104,SKU-1273,2347,24.53,2025-02-15 21:00:00
SOL-0000311,SO-000105,SKU-1217,1238,38.88,2025-02-17 17:00:00
SOL-0000312,SO-000105,SKU-1112,1655,13.02,2025-02-15 03:00:00
SOL-0000313,SO-000106,SKU-1014,238,8.01,2025-02-15 16:00:00
SOL-0000314,SO-000106,SKU-1070,1251,11.69,2025-02-16 10:00:00
SOL-0000315,SO-000106,SKU-1196,2234,39.91,2025-02-15 02:00:00
SOL-0000316,SO-000106,SKU-1259,2723,11.64,2025-02-16 20:00:00
SOL-0000317,SO-000107,SKU-1021,2889,4.75,2025-02-16 01:00:00
SOL-0000318,SO-000107,SKU-1273,2413,24.53,2025-02-15 00:00:00
SOL-0000319,SO-000107,SKU-1063,411,27.29,2025-02-16 07:00:00
SOL-0000320,SO-000107,SKU-1231,2825,9.46,2025-02-16 13:00:00
SOL-0000321,SO-000108,SKU-1091,1024,20.36,2025-02-15 10:00:00
SOL-0000322,SO-000108,SKU-1273,1203,24.53,2025-02-15 06:00:00
SOL-0000323,SO-000108,SKU-1049,830,17.66,2025-02-15 13:00:00
SOL-0000324,SO-000108,SKU-1238,1382,7.76,2025-02-17 19:00:00
SOL-0000325,SO-000109,SKU-1007,348,11.6,2025-02-15 11:00:00
SOL-0000326,SO-000109,SKU-1014,2105,8.01,2025-02-15 01:00:00
SOL-0000327,SO-000109,SKU-1112,2219,13.02,2025-02-16 16:00:00
SOL-0000328,SO-000110,SKU-1266,789,25.26,2025-02-17 19:00:00
SOL-0000329,SO-000110,SKU-1161,1777,5.35,2025-02-15 08:00:00
SOL-0000330,SO-000110,SKU-1007,2984,11.6,2025-02-17 11:00:00
SOL-0000331,SO-000111,SKU-1266,1240,25.26,2025-02-15 18:00:00
SOL-0000332,SO-000111,SKU-1091,2198,20.36,2025-02-17 01:00:00
SOL-0000333,SO-000111,SKU-1056,2212,11.54,2025-02-15 04:00:00
SOL-0000334,SO-000111,SKU-1007,2803,11.6,2025-02-15 19:00:00
SOL-0000335,SO-000112,SKU-1021,2068,4.75,2025-02-17 12:00:00
SOL-0000336,SO-000112,SKU-1203,1329,11.8,2025-02-17 05:00:00
SOL-0000337,SO-000112,SKU-1077,1517,16.9,2025-02-15 19:00:00
SOL-0000338,SO-000112,SKU-1091,2658,20.36,2025-02-17 22:00:00
SOL-0000339,SO-000113,SKU-1056,985,11.54,2025-02-16 07:00:00
SOL-0000340,SO-000113,SKU-1028,1098,15.83,2025-02-15 02:00:00
SOL-0000341,SO-000113,SKU-1238,587,7.76,2025-02-17 21:00:00
SOL-0000342,SO-000114,SKU-1224,2525,26.34,2025-02-15 15:00:00
SOL-0000343,SO-000114,SKU-1021,843,4.75,2025-02-16 20:00:00
SOL-0000344,SO-000114,SKU-1238,2025,7.76,2025-02-17 18:00:00
SOL-0000345,SO-000114,SKU-1273,214,24.53,2025-02-17 01:00:00
SOL-0000346,SO-000115,SKU-1091,2915,20.36,2025-02-17 08:00:00
SOL-0000347,SO-000115,SKU-1273,2491,24.53,2025-02-16 08:00:00
SOL-0000348,SO-000115,SKU-1252,714,21.1,2025-02-15 03:00:00
SOL-0000349,SO-000116,SKU-1231,1132,9.46,2025-02-16 16:00:00
SOL-0000350,SO-000116,SKU-1196,1175,39.91,2025-02-17 06:00:00
SOL-0000351,SO-000117,SKU-1266,2734,25.26,2025-02-17 19:00:00
SOL-0000352,SO-000117,SKU-1112,1696,13.02,2025-02-15 19:00:00
SOL-0000353,SO-000117,SKU-1273,392,24.53,2025-02-16 09:00:00
SOL-0000354,SO-000118,SKU-1266,824,25.26,2025-02-15 03:00:00
SOL-0000355,SO-000118,SKU-1231,2963,9.46,2025-02-15 03:00:00
SOL-0000356,SO-000119,SKU-1021,1034,4.75,2025-02-15 13:00:00
SOL-0000357,SO-000119,SKU-1238,2961,7.76,2025-02-16 11:00:00
SOL-0000358,SO-000119,SKU-1140,881,17.88,2025-02-15 00:00:00
SOL-0000359,SO-000119,SKU-1049,1217,17.66,2025-02-15 14:00:00
SOL-0000360,SO-000120,SKU-1007,779,11.6,2025-02-15 19:00:00
SOL-0000361,SO-000120,SKU-1014,2363,8.01,2025-02-17 18:00:00
SOL-0000362,SO-000120,SKU-1203,201,11.8,2025-02-15 18:00:00
SOL-0000363,SO-000120,SKU-1196,2226,39.91,2025-02-17 17:00:00
SOL-0000364,SO-000121,SKU-1112,2321,13.02,2025-02-16 04:00:00
SOL-0000365,SO-000121,SKU-1161,2877,5.35,2025-02-16 08:00:00
SOL-0000366,SO-000121,SKU-1203,1405,11.8,2025-02-16 11:00:00
SOL-0000367,SO-000122,SKU-1196,2951,39.91,2025-02-17 00:00:00
SOL-0000368,SO-000122,SKU-1021,1980,4.75,2025-02-15 16:00:00
SOL-0000369,SO-000122,SKU-1161,1262,5.35,2025-02-17 11:00:00
SOL-0000370,SO-000122,SKU-1091,789,20.36,2025-02-17 04:00:00
SOL-0000371,SO-000123,SKU-1238,1089,8.0,2025-02-17 00:00:00
SOL-0000372,SO-000123,SKU-1077,1294,17.67,2025-02-15 21:00:00
SOL-0000373,SO-000123,SKU-1224,1915,27.32,2025-02-15 12:00:00
SOL-0000374,SO-000123,SKU-1266,2070,27.15,2025-02-17 22:00:00
SOL-0000375,SO-000124,SKU-1140,245,19.12,2025-02-17 15:00:00
SOL-0000376,SO-000124,SKU-1112,1958,13.91,2025-02-16 12:00:00
SOL-0000377,SO-000124,SKU-1259,1545,12.29,2025-02-17 09:00:00
SOL-0000378,SO-000125,SKU-1063,2582,28.37,2025-02-16 22:00:00
SOL-0000379,SO-000125,SKU-1224,1425,27.32,2025-02-15 12:00:00
SOL-0000380,SO-000125,SKU-1259,560,12.29,2025-02-16 19:00:00
SOL-0000381,SO-000126,SKU-1273,2999,26.09,2025-02-16 12:00:00
SOL-0000382,SO-000126,SKU-1077,2887,17.67,2025-02-15 05:00:00
SOL-0000383,SO-000126,SKU-1252,714,22.34,2025-02-16 17:00:00
SOL-0000384,SO-000127,SKU-1196,2707,41.51,2025-02-16 04:00:00
SOL-0000385,SO-000127,SKU-1028,2924,16.48,2025-02-17 12:00:00
SOL-0000386,SO-000127,SKU-1014,2105,8.57,2025-02-16 07:00:00
SOL-0000387,SO-000128,SKU-1266,1063,27.15,2025-02-15 13:00:00
SOL-0000388,SO-000128,SKU-1021,1887,5.11,2025-02-15 15:00:00
SOL-0000389,SO-000128,SKU-1217,2121,40.85,2025-02-16 04:00:00
SOL-0000390,SO-000128,SKU-1070,2143,12.43,2025-02-17 17:00:00
SOL-0000391,SO-000129,SKU-1273,899,26.09,2025-02-16 12:00:00
SOL-0000392,SO-000129,SKU-1063,1123,28.37,2025-02-17 12:00:00
SOL-0000393,SO-000129,SKU-1091,907,20.98,2025-02-15 10:00:00
SOL-0000394,SO-000129,SKU-1231,1805,10.18,2025-02-15 15:00:00
SOL-0000395,SO-000130,SKU-1224,2813,27.32,2025-02-16 03:00:00
SOL-0000396,SO-000130,SKU-1273,2132,26.09,2025-02-17 16:00:00
SOL-0000397,SO-000130,SKU-1266,2156,27.15,2025-02-17 03:00:00
SOL-0000398,SO-000130,SKU-1203,2363,12.66,2025-02-17 06:00:00
SOL-0000399,SO-000131,SKU-1007,2008,12.35,2025-02-16 18:00:00
SOL-0000400,SO-000131,SKU-1021,2640,5.11,2025-02-15 04:00:00
SOL-0000401,SO-000131,SKU-1014,2209,8.57,2025-02-17 12:00:00
SOL-0000402,SO-000131,SKU-1224,445,27.32,2025-02-16 21:00:00
SOL-0000403,SO-000132,SKU-1175,1469,14.69,2025-02-15 14:00:00
SOL-0000404,SO-000132,SKU-1140,2545,19.12,2025-02-17 00:00:00
SOL-0000405,SO-000133,SKU-1112,402,13.91,2025-02-15 11:00:00
SOL-0000406,SO-000133,SKU-1140,1181,19.12,2025-02-16 19:00:00
SOL-0000407,SO-000134,SKU-1112,2219,13.91,2025-02-15 11:00:00
SOL-0000408,SO-000134,SKU-1259,2283,12.29,2025-02-16 06:00:00
SOL-0000409,SO-000134,SKU-1140,2742,19.12,2025-02-15 04:00:00
SOL-0000410,SO-000135,SKU-1266,326,27.15,2025-02-17 22:00:00
SOL-0000411,SO-000135,SKU-1028,1075,16.48,2025-02-15 07:00:00
SOL-0000412,SO-000136,SKU-1161,2358,5.7,2025-02-16 22:00:00
SOL-0000413,SO-000136,SKU-1175,2703,14.69,2025-02-15 09:00:00
SOL-0000414,SO-000136,SKU-1266,2300,27.15,2025-02-15 18:00:00
SOL-0000415,SO-000137,SKU-1049,1709,18.23,2025-02-15 04:00:00
SOL-0000416,SO-000137,SKU-1140,1695,19.12,2025-02-17 00:00:00
SOL-0000417,SO-000137,SKU-1259,589,12.29,2025-02-16 03:00:00
SOL-0000418,SO-000137,SKU-1224,310,27.32,2025-02-16 11:00:00
SOL-0000419,SO-000138,SKU-1161,429,5.7,2025-02-16 12:00:00
SOL-0000420,SO-000138,SKU-1203,614,12.66,2025-02-17 21:00:00
SOL-0000421,SO-000138,SKU-1112,2941,13.91,2025-02-15 19:00:00
SOL-0000422,SO-000138,SKU-1273,1325,26.09,2025-02-16 13:00:00
SOL-0000423,SO-000139,SKU-1014,2011,8.57,2025-02-17 17:00:00
SOL-0000424,SO-000139,SKU-1091,1591,20.98,2025-02-15 02:00:00
SOL-0000425,SO-000140,SKU-1056,764,12.44,2025-02-16 01:00:00
SOL-0000426,SO-000140,SKU-1049,2475,18.23,2025-02-15 16:00:00
SOL-0000427,SO-000140,SKU-1196,2572,41.51,2025-02-16 19:00:00
SOL-0000428,SO-000140,SKU-1070,2241,12.43,2025-02-16 02:00:00
SOL-0000429,SO-000141,SKU-1175,1460,14.69,2025-02-16 07:00:00
SOL-0000430,SO-000141,SKU-1049,2992,18.23,2025-02-16 19:00:00
SOL-0000431,SO-000141,SKU-1224,635,27.32,2025-02-15 20:00:00
SOL-0000432,SO-000141,SKU-1014,1386,8.57,2025-02-15 04:00:00
SOL-0000433,SO-000142,SKU-1063,766,28.37,2025-02-15 01:00:00
SOL-0000434,SO-000142,SKU-1161,516,5.7,2025-02-16 07:00:00
SOL-0000435,SO-000142,SKU-1266,322,27.15,2025-02-17 08:00:00
SOL-0000436,SO-000142,SKU-1014,1497,8.57,2025-02-17 19:00:00
SOL-0000437,SO-000143,SKU-1273,806,26.09,2025-02-15 19:00:00
SOL-0000438,SO-000143,SKU-1266,1330,27.15,2025-02-17 20:00:00
SOL-0000439,SO-000143,SKU-1007,2595,12.35,2025-02-15 06:00:00
SOL-0000440,SO-000144,SKU-1049,534,18.23,2025-02-16 19:00:00
SOL-0000441,SO-000144,SKU-1266,2494,27.15,2025-02-15 04:00:00
SOL-0000442,SO-000145,SKU-1238,2403,8.0,2025-02-16 04:00:00
SOL-0000443,SO-000145,SKU-1196,2189,41.51,2025-02-15 05:00:00
SOL-0000444,SO-000145,SKU-1056,354,12.44,2025-02-15 22:00:00
SOL-0000445,SO-000145,SKU-1140,2359,19.12,2025-02-15 18:00:00
SOL-0000446,SO-000146,SKU-1196,1197,41.51,2025-02-15 18:00:00
SOL-0000447,SO-000146,SKU-1266,1421,27.15,2025-02-16 21:00:00
SOL-0000448,SO-000146,SKU-1217,1304,40.85,2025-02-15 06:00:00
SOL-0000449,SO-000146,SKU-1273,1771,26.09,2025-02-15 14:00:00
SOL-0000450,SO-000147,SKU-1014,406,8.57,2025-02-16 21:00:00
SOL-0000451,SO-000147,SKU-1273,2060,26.09,2025-02-15 05:00:00
SOL-0000452,SO-000147,SKU-1049,2638,18.23,2025-02-17 09:00:00
SOL-0000453,SO-000147,SKU-1196,684,41.51,2025-02-17 07:00:00
SOL-0000454,SO-000148,SKU-1196,1721,41.51,2025-02-16 17:00:00
SOL-0000455,SO-000148,SKU-1175,2252,14.69,2025-02-16 21:00:00
SOL-0000456,SO-000148,SKU-1091,1041,20.98,2025-02-15 19:00:00
SOL-0000457,SO-000149,SKU-1161,1218,5.7,2025-02-16 19:00:00
SOL-0000458,SO-000149,SKU-1021,2604,5.11,2025-02-15 18:00:00
SOL-0000459,SO-000150,SKU-1196,1154,41.51,2025-02-16 10:00:00
SOL-0000460,SO-000150,SKU-1014,343,8.57,2025-02-16 17:00:00
SOL-0000461,SO-000151,SKU-1112,1591,13.91,2025-02-17 15:00:00
SOL-0000462,SO-000151,SKU-1091,925,20.98,2025-02-16 20:00:00
SOL-0000463,SO-000151,SKU-1217,1893,40.85,2025-02-16 11:00:00
SOL-0000464,SO-000152,SKU-1056,2719,12.44,2025-02-16 15:00:00
SOL-0000465,SO-000152,SKU-1112,415,13.91,2025-02-16 20:00:00
SOL-0000466,SO-000152,SKU-1014,1750,8.57,2025-02-16 21:00:00
SOL-0000467,SO-000153,SKU-1063,857,28.37,2025-02-15 12:00:00
SOL-0000468,SO-000153,SKU-1077,2308,17.67,2025-02-17 12:00:00
SOL-0000469,SO-000153,SKU-1266,213,27.15,2025-02-16 21:00:00
SOL-0000470,SO-000153,SKU-1259,1936,12.29,2025-02-17 12:00:00
SOL-0000471,SO-000154,SKU-1203,820,12.66,2025-02-15 06:00:00
SOL-0000472,SO-000154,SKU-1014,1771,8.57,2025-02-16 01:00:00
SOL-0000473,SO-000154,SKU-1077,799,17.67,2025-02-17 16:00:00
SOL-0000474,SO-000154,SKU-1231,1933,10.18,2025-02-15 13:00:00
SOL-0000475,SO-000155,SKU-1238,1609,8.0,2025-02-15 06:00:00
SOL-0000476,SO-000155,SKU-1161,676,5.7,2025-02-15 05:00:00
SOL-0000477,SO-000156,SKU-1238,1374,8.0,2025-02-15 03:00:00
SOL-0000478,SO-000156,SKU-1203,1133,12.66,2025-02-16 14:00:00
SOL-0000479,SO-000156,SKU-1077,1128,17.67,2025-02-15 07:00:00
SOL-0000480,SO-000157,SKU-1091,630,20.98,2025-02-16 04:00:00
SOL-0000481,SO-000157,SKU-1028,1016,16.48,2025-02-16 03:00:00
SOL-0000482,SO-000158,SKU-1063,2486,28.37,2025-02-17 09:00:00
SOL-0000483,SO-000158,SKU-1056,1331,12.44,2025-02-17 15:00:00
SOL-0000484,SO-000158,SKU-1112,2829,13.91,2025-02-16 05:00:00
SOL-0000485,SO-000159,SKU-1140,2643,19.12,2025-02-16 19:00:00
SOL-0000486,SO-000159,SKU-1259,379,12.29,2025-02-17 09:00:00
SOL-0000487,SO-000160,SKU-1007,2615,12.35,2025-02-15 06:00:00
SOL-0000488,SO-000160,SKU-1063,2184,28.37,2025-02-15 00:00:00
SOL-0000489,SO-000160,SKU-1231,1754,10.18,2025-02-15 09:00:00
SOL-0000490,SO-000161,SKU-1021,1768,5.11,2025-02-17 13:00:00
SOL-0000491,SO-000161,SKU-1063,1020,28.37,2025-02-16 19:00:00
SOL-0000492,SO-000162,SKU-1231,2753,10.18,2025-02-17 15:00:00
SOL-0000493,SO-000162,SKU-1161,1601,5.7,2025-02-16 06:00:00
SOL-0000494,SO-000162,SKU-1091,2420,20.98,2025-02-16 13:00:00
SOL-0000495,SO-000163,SKU-1266,1642,25.26,2025-02-15 00:00:00
SOL-0000496,SO-000163,SKU-1168,2574,5.33,2025-02-17 03:00:00
SOL-0000497,SO-000164,SKU-1182,1536,8.92,2025-02-17 00:00:00
SOL-0000498,SO-000164,SKU-1280,486,11.2,2025-02-16 08:00:00
SOL-0000499,SO-000164,SKU-1133,890,8.13,2025-02-15 13:00:00
SOL-0000500,SO-000164,SKU-1140,1359,17.88,2025-02-17 18:00:00
SOL-0000501,SO-000165,SKU-1140,2683,17.88,2025-02-17 03:00:00
SOL-0000502,SO-000165,SKU-1280,2520,11.2,2025-02-16 17:00:00
SOL-0000503,SO-000165,SKU-1266,1584,25.26,2025-02-17 17:00:00
SOL-0000504,SO-000165,SKU-1273,1338,24.53,2025-02-17 19:00:00
SOL-0000505,SO-000166,SKU-1140,1275,17.88,2025-02-17 11:00:00
SOL-0000506,SO-000166,SKU-1196,2274,39.91,2025-02-16 19:00:00
SOL-0000507,SO-000166,SKU-1126,973,18.72,2025-02-16 07:00:00
SOL-0000508,SO-000167,SKU-1280,842,11.2,2025-02-15 22:00:00
SOL-0000509,SO-000167,SKU-1007,2521,11.6,2025-02-16 01:00:00
SOL-0000510,SO-000167,SKU-1140,253,17.88,2025-02-15 10:00:00
SOL-0000511,SO-000167,SKU-1266,2016,25.26,2025-02-15 21:00:00
SOL-0000512,SO-000168,SKU-1175,2419,13.63,2025-02-16 03:00:00
SOL-0000513,SO-000168,SKU-1280,1289,11.2,2025-02-15 12:00:00
SOL-0000514,SO-000169,SKU-1210,1642,28.38,2025-02-15 21:00:00
SOL-0000515,SO-000169,SKU-1266,307,25.26,2025-02-17 19:00:00
SOL-0000516,SO-000169,SKU-1196,2251,39.91,2025-02-16 06:00:00
SOL-0000517,SO-000169,SKU-1133,2221,8.13,2025-02-17 20:00:00
SOL-0000518,SO-000170,SKU-1280,2506,11.2,2025-02-15 21:00:00
SOL-0000519,SO-000170,SKU-1259,1202,11.64,2025-02-17 06:00:00
SOL-0000520,SO-000170,SKU-1119,2563,11.12,2025-02-17 06:00:00
SOL-0000521,SO-000170,SKU-1273,2936,24.53,2025-02-15 19:00:00
SOL-0000522,SO-000171,SKU-1056,201,11.54,2025-02-16 21:00:00
SOL-0000523,SO-000171,SKU-1028,2249,15.83,2025-02-17 02:00:00
SOL-0000524,SO-000172,SKU-1021,1180,4.75,2025-02-15 16:00:00
SOL-0000525,SO-000172,SKU-1266,884,25.26,2025-02-15 03:00:00
SOL-0000526,SO-000172,SKU-1056,2762,11.54,2025-02-17 17:00:00
SOL-0000527,SO-000173,SKU-1259,2547,11.64,2025-02-17 07:00:00
SOL-0000528,SO-000173,SKU-1196,1556,39.91,2025-02-16 14:00:00
SOL-0000529,SO-000174,SKU-1042,2414,26.78,2025-02-15 21:00:00
SOL-0000530,SO-000174,SKU-1259,572,11.64,2025-02-16 03:00:00
SOL-0000531,SO-000174,SKU-1266,1701,25.26,2025-02-15 13:00:00
SOL-0000532,SO-000175,SKU-1133,2075,8.13,2025-02-17 07:00:00
SOL-0000533,SO-000175,SKU-1021,2373,4.75,2025-02-17 05:00:00
SOL-0000534,SO-000175,SKU-1126,2856,18.72,2025-02-17 20:00:00
SOL-0000535,SO-000175,SKU-1182,2349,8.92,2025-02-15 11:00:00
SOL-0000536,SO-000176,SKU-1238,2330,7.76,2025-02-15 17:00:00
SOL-0000537,SO-000176,SKU-1119,595,11.12,2025-02-16 07:00:00
SOL-0000538,SO-000176,SKU-1140,2273,17.88,2025-02-16 21:00:00
SOL-0000539,SO-000176,SKU-1210,2726,28.38,2025-02-16 14:00:00
SOL-0000540,SO-000177,SKU-1133,1634,8.13,2025-02-15 02:00:00
SOL-0000541,SO-000177,SKU-1175,2157,13.63,2025-02-17 14:00:00
SOL-0000542,SO-000177,SKU-1140,1849,17.88,2025-02-15 21:00:00
SOL-0000543,SO-000178,SKU-1140,1211,17.88,2025-02-15 18:00:00
SOL-0000544,SO-000178,SKU-1182,874,8.92,2025-02-17 06:00:00
SOL-0000545,SO-000178,SKU-1168,705,5.33,2025-02-17 11:00:00
SOL-0000546,SO-000179,SKU-1119,2509,11.12,2025-02-15 04:00:00
SOL-0000547,SO-000179,SKU-1126,814,18.72,2025-02-15 09:00:00
SOL-0000548,SO-000179,SKU-1210,2439,28.38,2025-02-16 16:00:00
SOL-0000549,SO-000180,SKU-1273,2890,24.53,2025-02-15 22:00:00
SOL-0000550,SO-000180,SKU-1119,860,11.12,2025-02-15 00:00:00
SOL-0000551,SO-000180,SKU-1182,2815,8.92,2025-02-15 01:00:00
SOL-0000552,SO-000180,SKU-1126,539,18.72,2025-02-15 22:00:00
SOL-0000553,SO-000181,SKU-1259,2265,11.64,2025-02-16 01:00:00
SOL-0000554,SO-000181,SKU-1007,626,11.6,2025-02-16 11:00:00
SOL-0000555,SO-000181,SKU-1084,2056,7.79,2025-02-17 12:00:00
SOL-0000556,SO-000181,SKU-1210,2060,28.38,2025-02-15 11:00:00
SOL-0000557,SO-000182,SKU-1140,2294,17.88,2025-02-15 13:00:00
SOL-0000558,SO-000182,SKU-1105,2896,9.54,2025-02-15 14:00:00
SOL-0000559,SO-000182,SKU-1175,2630,13.63,2025-02-16 02:00:00
SOL-0000560,SO-000183,SKU-1273,2299,24.53,2025-02-17 07:00:00
SOL-0000561,SO-000183,SKU-1042,2953,26.78,2025-02-16 16:00:00
SOL-0000562,SO-000183,SKU-1133,226,8.13,2025-02-17 06:00:00
SOL-0000563,SO-000184,SKU-1119,1923,11.12,2025-02-15 07:00:00
SOL-0000564,SO-000184,SKU-1182,1068,8.92,2025-02-16 01:00:00
SOL-0000565,SO-000185,SKU-1182,2755,8.92,2025-02-16 08:00:00
SOL-0000566,SO-000185,SKU-1210,390,28.38,2025-02-16 16:00:00
SOL-0000567,SO-000185,SKU-1245,870,18.16,2025-02-16 09:00:00
SOL-0000568,SO-000185,SKU-1028,1312,15.83,2025-02-16 17:00:00
SOL-0000569,SO-000186,SKU-1238,1958,7.76,2025-02-17 12:00:00
SOL-0000570,SO-000186,SKU-1133,2242,8.13,2025-02-17 03:00:00
SOL-0000571,SO-000186,SKU-1280,2700,11.2,2025-02-15 22:00:00
SOL-0000572,SO-000187,SKU-1168,1798,5.33,2025-02-17 02:00:00
SOL-0000573,SO-000187,SKU-1280,2705,11.2,2025-02-15 21:00:00
SOL-0000574,SO-000187,SKU-1042,2673,26.78,2025-02-17 07:00:00
SOL-0000575,SO-000187,SKU-1245,889,18.16,2025-02-16 02:00:00
SOL-0000576,SO-000188,SKU-1161,2123,5.35,2025-02-15 18:00:00
SOL-0000577,SO-000188,SKU-1210,2054,28.38,2025-02-16 15:00:00
SOL-0000578,SO-000188,SKU-1021,2231,4.75,2025-02-16 02:00:00
SOL-0000579,SO-000188,SKU-1028,2454,15.83,2025-02-17 05:00:00
SOL-0000580,SO-000189,SKU-1028,227,15.83,2025-02-16 10:00:00
SOL-0000581,SO-000189,SKU-1259,818,11.64,2025-02-17 12:00:00
SOL-0000582,SO-000189,SKU-1182,2277,8.92,2025-02-17 22:00:00
SOL-0000583,SO-000190,SKU-1119,1634,11.12,2025-02-17 03:00:00
SOL-0000584,SO-000190,SKU-1021,553,4.75,2025-02-15 00:00:00
SOL-0000585,SO-000190,SKU-1042,2085,26.78,2025-02-16 20:00:00
SOL-0000586,SO-000191,SKU-1042,492,26.78,2025-02-16 05:00:00
SOL-0000587,SO-000191,SKU-1210,2284,28.38,2025-02-17 15:00:00
SOL-0000588,SO-000192,SKU-1280,536,11.2,2025-02-17 13:00:00
SOL-0000589,SO-000192,SKU-1007,1763,11.6,2025-02-17 09:00:00
SOL-0000590,SO-000192,SKU-1056,2711,11.54,2025-02-16 13:00:00
SOL-0000591,SO-000192,SKU-1217,588,38.88,2025-02-17 20:00:00
SOL-0000592,SO-000193,SKU-1238,2316,7.76,2025-02-16 17:00:00
SOL-0000593,SO-000193,SKU-1280,1621,11.2,2025-02-15 02:00:00
SOL-0000594,SO-000194,SKU-1196,1568,39.91,2025-02-17 02:00:00
SOL-0000595,SO-000194,SKU-1028,1464,15.83,2025-02-17 05:00:00
SOL-0000596,SO-000194,SKU-1007,2722,11.6,2025-02-17 22:00:00
SOL-0000597,SO-000194,SKU-1042,2017,26.78,2025-02-16 15:00:00
SOL-0000598,SO-000195,SKU-1140,2068,17.88,2025-02-16 04:00:00
SOL-0000599,SO-000195,SKU-1238,1181,7.76,2025-02-17 07:00:00
SOL-0000600,SO-000195,SKU-1105,2287,9.54,2025-02-17 09:00:00
SOL-0000601,SO-000196,SKU-1280,1585,11.2,2025-02-15 06:00:00
SOL-0000602,SO-000196,SKU-1084,1357,7.79,2025-02-15 06:00:00
SOL-0000603,SO-000196,SKU-1126,325,18.72,2025-02-16 22:00:00
SOL-0000604,SO-000196,SKU-1210,744,28.38,2025-02-15 09:00:00
SOL-0000605,SO-000197,SKU-1168,350,5.33,2025-02-17 13:00:00
SOL-0000606,SO-000197,SKU-1259,1214,11.64,2025-02-16 04:00:00
SOL-0000607,SO-000198,SKU-1196,2941,39.91,2025-02-16 05:00:00
SOL-0000608,SO-000198,SKU-1266,2236,25.26,2025-02-16 08:00:00
SOL-0000609,SO-000198,SKU-1084,1179,7.79,2025-02-17 18:00:00
SOL-0000610,SO-000199,SKU-1126,2161,18.72,2025-02-15 06:00:00
SOL-0000611,SO-000199,SKU-1210,1591,28.38,2025-02-17 12:00:00
SOL-0000612,SO-000200,SKU-1210,2773,28.38,2025-02-16 01:00:00
SOL-0000613,SO-000200,SKU-1245,1370,18.16,2025-02-17 07:00:00
SOL-0000614,SO-000201,SKU-1042,309,26.78,2025-02-15 17:00:00
SOL-0000615,SO-000201,SKU-1168,2876,5.33,2025-02-17 08:00:00
SOL-0000616,SO-000201,SKU-1028,2806,15.83,2025-02-16 07:00:00
SOL-0000617,SO-000202,SKU-1217,2927,38.88,2025-02-17 11:00:00
SOL-0000618,SO-000202,SKU-1238,1274,7.76,2025-02-17 13:00:00
SOL-0000619,SO-000203,SKU-1133,599,8.49,2025-02-15 18:00:00
SOL-0000620,SO-000203,SKU-1196,2524,41.51,2025-02-15 22:00:00
SOL-0000621,SO-000204,SKU-1126,2157,19.66,2025-02-16 19:00:00
SOL-0000622,SO-000204,SKU-1007,1876,12.35,2025-02-16 15:00:00
SOL-0000623,SO-000204,SKU-1217,2016,40.85,2025-02-16 06:00:00
SOL-0000624,SO-000205,SKU-1238,615,8.0,2025-02-17 05:00:00
SOL-0000625,SO-000205,SKU-1245,1831,18.78,2025-02-16 13:00:00
SOL-0000626,SO-000205,SKU-1259,633,12.29,2025-02-15 05:00:00
SOL-0000627,SO-000206,SKU-1280,435,11.97,2025-02-16 00:00:00
SOL-0000628,SO-000206,SKU-1217,894,40.85,2025-02-17 03:00:00
SOL-0000629,SO-000206,SKU-1259,2684,12.29,2025-02-15 18:00:00
SOL-0000630,SO-000206,SKU-1007,1023,12.35,2025-02-16 05:00:00
SOL-0000631,SO-000207,SKU-1182,1438,9.62,2025-02-17 03:00:00
SOL-0000632,SO-000207,SKU-1126,2150,19.66,2025-02-17 17:00:00
SOL-0000633,SO-000207,SKU-1028,2502,16.48,2025-02-16 15:00:00
SOL-0000634,SO-000208,SKU-1119,2566,11.62,2025-02-15 08:00:00
SOL-0000635,SO-000208,SKU-1182,685,9.62,2025-02-16 01:00:00
SOL-0000636,SO-000209,SKU-1140,1074,19.12,2025-02-16 21:00:00
SOL-0000637,SO-000209,SKU-1105,1502,9.88,2025-02-17 16:00:00
SOL-0000638,SO-000210,SKU-1028,1227,16.48,2025-02-16 19:00:00
SOL-0000639,SO-000210,SKU-1245,1882,18.78,2025-02-16 14:00:00
SOL-0000640,SO-000210,SKU-1133,1847,8.49,2025-02-15 08:00:00
SOL-0000641,SO-000210,SKU-1273,323,26.09,2025-02-17 07:00:00
SOL-0000642,SO-000211,SKU-1259,866,12.29,2025-02-17 14:00:00
SOL-0000643,SO-000211,SKU-1042,337,28.78,2025-02-16 12:00:00
SOL-0000644,SO-000211,SKU-1161,2549,5.7,2025-02-16 05:00:00
SOL-0000645,SO-000211,SKU-1266,1973,27.15,2025-02-16 15:00:00
SOL-0000646,SO-000212,SKU-1021,2700,5.11,2025-02-15 18:00:00
SOL-0000647,SO-000212,SKU-1259,1445,12.29,2025-02-17 05:00:00
SOL-0000648,SO-000213,SKU-1273,734,26.09,2025-02-17 06:00:00
SOL-0000649,SO-000213,SKU-1161,2527,5.7,2025-02-17 21:00:00
SOL-0000650,SO-000213,SKU-1133,314,8.49,2025-02-15 10:00:00
SOL-0000651,SO-000214,SKU-1238,1685,8.0,2025-02-17 20:00:00
SOL-0000652,SO-000214,SKU-1196,483,41.51,2025-02-17 01:00:00
SOL-0000653,SO-000214,SKU-1042,1157,28.78,2025-02-15 20:00:00
SOL-0000654,SO-000214,SKU-1217,484,40.85,2025-02-17 22:00:00
SOL-0000655,SO-000215,SKU-1126,2267,19.66,2025-02-16 12:00:00
SOL-0000656,SO-000215,SKU-1007,348,12.35,2025-02-15 04:00:00
SOL-0000657,SO-000216,SKU-1105,881,9.88,2025-02-15 09:00:00
SOL-0000658,SO-000216,SKU-1210,1429,30.12,2025-02-17 14:00:00
SOL-0000659,SO-000217,SKU-1140,1171,19.12,2025-02-16 16:00:00
SOL-0000660,SO-000217,SKU-1182,1611,9.62,2025-02-17 04:00:00
SOL-0000661,SO-000218,SKU-1259,219,12.29,2025-02-16 04:00:00
SOL-0000662,SO-000218,SKU-1238,545,8.0,2025-02-15 22:00:00
SOL-0000663,SO-000219,SKU-1280,2961,11.97,2025-02-15 18:00:00
SOL-0000664,SO-000219,SKU-1196,590,41.51,2025-02-17 21:00:00
SOL-0000665,SO-000220,SKU-1182,1784,9.62,2025-02-17 16:00:00
SOL-0000666,SO-000220,SKU-1133,2913,8.49,2025-02-17 22:00:00
SOL-0000667,SO-000220,SKU-1126,1154,19.66,2025-02-15 08:00:00
SOL-0000668,SO-000220,SKU-1161,1324,5.7,2025-02-16 08:00:00
SOL-0000669,SO-000221,SKU-1021,2109,5.11,2025-02-15 21:00:00
SOL-0000670,SO-000221,SKU-1105,2060,9.88,2025-02-15 12:00:00
SOL-0000671,SO-000222,SKU-1084,1520,8.14,2025-02-17 05:00:00
SOL-0000672,SO-000222,SKU-1021,989,5.11,2025-02-16 21:00:00
SOL-0000673,SO-000223,SKU-1175,1582,14.69,2025-02-15 08:00:00
SOL-0000674,SO-000223,SKU-1273,2860,26.09,2025-02-15 02:00:00
SOL-0000675,SO-000223,SKU-1126,1391,19.66,2025-02-17 22:00:00
SOL-0000676,SO-000223,SKU-1056,2909,12.44,2025-02-17 01:00:00
SOL-0000677,SO-000224,SKU-1028,606,16.48,2025-02-17 21:00:00
SOL-0000678,SO-000224,SKU-1217,1330,40.85,2025-02-16 22:00:00
SOL-0000679,SO-000225,SKU-1266,1428,27.15,2025-02-16 02:00:00
SOL-0000680,SO-000225,SKU-1056,2960,12.44,2025-02-17 03:00:00
SOL-0000681,SO-000225,SKU-1028,2176,16.48,2025-02-16 16:00:00
SOL-0000682,SO-000226,SKU-1182,2556,9.62,2025-02-16 07:00:00
SOL-0000683,SO-000226,SKU-1210,772,30.12,2025-02-15 21:00:00
SOL-0000684,SO-000227,SKU-1238,734,8.0,2025-02-15 05:00:00
SOL-0000685,SO-000227,SKU-1133,2887,8.49,2025-02-15 13:00:00
SOL-0000686,SO-000227,SKU-1119,1535,11.62,2025-02-17 10:00:00
SOL-0000687,SO-000228,SKU-1140,1760,19.12,2025-02-15 20:00:00
SOL-0000688,SO-000228,SKU-1105,1117,9.88,2025-02-15 11:00:00
SOL-0000689,SO-000229,SKU-1140,1352,19.12,2025-02-16 11:00:00
SOL-0000690,SO-000229,SKU-1182,1340,9.62,2025-02-17 10:00:00
SOL-0000691,SO-000229,SKU-1196,419,41.51,2025-02-15 12:00:00
SOL-0000692,SO-000230,SKU-1007,327,12.35,2025-02-15 00:00:00
SOL-0000693,SO-000230,SKU-1182,335,9.62,2025-02-16 10:00:00
SOL-0000694,SO-000231,SKU-1245,984,18.78,2025-02-16 12:00:00
SOL-0000695,SO-000231,SKU-1021,222,5.11,2025-02-16 15:00:00
SOL-0000696,SO-000231,SKU-1042,460,28.78,2025-02-17 00:00:00
SOL-0000697,SO-000231,SKU-1266,2371,27.15,2025-02-16 07:00:00
SOL-0000698,SO-000232,SKU-1196,1832,41.51,2025-02-17 15:00:00
SOL-0000699,SO-000232,SKU-1175,2807,14.69,2025-02-16 14:00:00
SOL-0000700,SO-000232,SKU-1042,1535,28.78,2025-02-15 02:00:00
SOL-0000701,SO-000233,SKU-1133,1089,8.49,2025-02-16 04:00:00
SOL-0000702,SO-000233,SKU-1266,703,27.15,2025-02-16 05:00:00
SOL-0000703,SO-000233,SKU-1210,730,30.12,2025-02-17 14:00:00
SOL-0000704,SO-000234,SKU-1126,1456,19.66,2025-02-17 22:00:00
SOL-0000705,SO-000234,SKU-1266,759,27.15,2025-02-17 02:00:00
SOL-0000706,SO-000234,SKU-1210,1415,30.12,2025-02-15 00:00:00
SOL-0000707,SO-000235,SKU-1245,958,18.78,2025-02-17 11:00:00
SOL-0000708,SO-000235,SKU-1217,730,40.85,2025-02-15 03:00:00
SOL-0000709,SO-000235,SKU-1168,2804,5.66,2025-02-17 04:00:00
SOL-0000710,SO-000236,SKU-1126,1096,19.66,2025-02-15 12:00:00
SOL-0000711,SO-000236,SKU-1182,895,9.62,2025-02-17 18:00:00
SOL-0000712,SO-000237,SKU-1140,1997,19.12,2025-02-16 07:00:00
SOL-0000713,SO-000237,SKU-1259,382,12.29,2025-02-15 22:00:00
SOL-0000714,SO-000237,SKU-1245,2878,18.78,2025-02-17 20:00:00
SOL-0000715,SO-000237,SKU-1042,533,28.78,2025-02-17 14:00:00
SOL-0000716,SO-000238,SKU-1175,1603,14.69,2025-02-16 01:00:00
SOL-0000717,SO-000238,SKU-1196,2809,41.51,2025-02-17 18:00:00
SOL-0000718,SO-000238,SKU-1105,2619,9.88,2025-02-15 06:00:00
SOL-0000719,SO-000238,SKU-1210,707,30.12,2025-02-15 06:00:00
SOL-0000720,SO-000239,SKU-1168,2414,5.66,2025-02-16 17:00:00
SOL-0000721,SO-000239,SKU-1245,1630,18.78,2025-02-16 15:00:00
SOL-0000722,SO-000239,SKU-1140,1782,19.12,2025-02-16 08:00:00
SOL-0000723,SO-000239,SKU-1161,2934,5.7,2025-02-15 10:00:00
SOL-0000724,SO-000240,SKU-1133,2220,8.49,2025-02-16 00:00:00
SOL-0000725,SO-000240,SKU-1280,760,11.97,2025-02-15 13:00:00
SOL-0000726,SO-000240,SKU-1119,2215,11.62,2025-02-16 11:00:00
SOL-0000727,SO-000241,SKU-1119,2100,11.12,2025-02-16 19:00:00
SOL-0000728,SO-000241,SKU-1021,2653,4.75,2025-02-16 19:00:00
SOL-0000729,SO-000241,SKU-1056,394,11.54,2025-02-17 09:00:00
SOL-0000730,SO-000242,SKU-1063,2740,27.29,2025-02-15 13:00:00
SOL-0000731,SO-000242,SKU-1210,1553,28.38,2025-02-16 11:00:00
SOL-0000732,SO-000242,SKU-1175,2147,13.63,2025-02-15 11:00:00
SOL-0000733,SO-000242,SKU-1007,2460,11.6,2025-02-15 16:00:00
SOL-0000734,SO-000243,SKU-1063,1360,27.29,2025-02-17 03:00:00
SOL-0000735,SO-000243,SKU-1189,2123,40.15,2025-02-17 20:00:00
SOL-0000736,SO-000243,SKU-1175,2363,13.63,2025-02-16 13:00:00
SOL-0000737,SO-000244,SKU-1147,230,28.37,2025-02-17 10:00:00
SOL-0000738,SO-000244,SKU-1014,1375,8.01,2025-02-15 03:00:00
SOL-0000739,SO-000244,SKU-1189,1064,40.15,2025-02-17 17:00:00
SOL-0000740,SO-000245,SKU-1210,771,28.38,2025-02-15 08:00:00
SOL-0000741,SO-000245,SKU-1196,2031,39.91,2025-02-15 17:00:00
SOL-0000742,SO-000245,SKU-1007,428,11.6,2025-02-16 09:00:00
SOL-0000743,SO-000245,SKU-1070,2364,11.69,2025-02-16 18:00:00
SOL-0000744,SO-000246,SKU-1021,2407,4.75,2025-02-16 08:00:00
SOL-0000745,SO-000246,SKU-1161,1287,5.35,2025-02-15 21:00:00
SOL-0000746,SO-000246,SKU-1007,1463,11.6,2025-02-17 03:00:00
SOL-0000747,SO-000247,SKU-1280,1063,11.2,2025-02-15 15:00:00
SOL-0000748,SO-000247,SKU-1105,2492,9.54,2025-02-16 21:00:00
SOL-0000749,SO-000247,SKU-1126,1301,18.72,2025-02-15 01:00:00
SOL-0000750,SO-000248,SKU-1105,2015,9.54,2025-02-16 15:00:00
SOL-0000751,SO-000248,SKU-1196,436,39.91,2025-02-16 13:00:00
SOL-0000752,SO-000248,SKU-1175,2415,13.63,2025-02-16 20:00:00
SOL-0000753,SO-000249,SKU-1126,736,18.72,2025-02-15 08:00:00
SOL-0000754,SO-000249,SKU-1266,212,25.26,2025-02-17 07:00:00
SOL-0000755,SO-000249,SKU-1175,988,13.63,2025-02-15 17:00:00
SOL-0000756,SO-000249,SKU-1007,1575,11.6,2025-02-16 12:00:00
SOL-0000757,SO-000250,SKU-1014,247,8.01,2025-02-17 07:00:00
SOL-0000758,SO-000250,SKU-1042,2786,26.78,2025-02-17 04:00:00
SOL-0000759,SO-000251,SKU-1028,1020,15.83,2025-02-15 13:00:00
SOL-0000760,SO-000251,SKU-1063,499,27.29,2025-02-16 02:00:00
SOL-0000761,SO-000252,SKU-1196,615,39.91,2025-02-17 12:00:00
SOL-0000762,SO-000252,SKU-1147,779,28.37,2025-02-17 11:00:00
SOL-0000763,SO-000253,SKU-1266,2837,25.26,2025-02-15 08:00:00
SOL-0000764,SO-000253,SKU-1119,342,11.12,2025-02-15 20:00:00
SOL-0000765,SO-000253,SKU-1021,1170,4.75,2025-02-16 08:00:00
SOL-0000766,SO-000253,SKU-1091,1098,20.36,2025-02-15 01:00:00
SOL-0000767,SO-000254,SKU-1189,1599,40.15,2025-02-16 09:00:00
SOL-0000768,SO-000254,SKU-1056,1342,11.54,2025-02-17 13:00:00
SOL-0000769,SO-000254,SKU-1147,572,28.37,2025-02-16 04:00:00
SOL-0000770,SO-000254,SKU-1266,1046,25.26,2025-02-16 04:00:00
SOL-0000771,SO-000255,SKU-1210,1071,28.38,2025-02-15 17:00:00
SOL-0000772,SO-000255,SKU-1280,1585,11.2,2025-02-15 04:00:00
SOL-0000773,SO-000255,SKU-1021,1128,4.75,2025-02-17 09:00:00
SOL-0000774,SO-000255,SKU-1217,2052,38.88,2025-02-16 08:00:00
SOL-0000775,SO-000256,SKU-1161,484,5.35,2025-02-15 17:00:00
SOL-0000776,SO-000256,SKU-1049,2139,17.66,2025-02-17 04:00:00
SOL-0000777,SO-000257,SKU-1245,389,18.16,2025-02-17 03:00:00
SOL-0000778,SO-000257,SKU-1042,962,26.78,2025-02-16 13:00:00
SOL-0000779,SO-000257,SKU-1147,1299,28.37,2025-02-15 01:00:00
SOL-0000780,SO-000257,SKU-1280,2635,11.2,2025-02-16 16:00:00
SOL-0000781,SO-000258,SKU-1175,745,13.63,2025-02-15 22:00:00
SOL-0000782,SO-000258,SKU-1049,2640,17.66,2025-02-16 11:00:00
SOL-0000783,SO-000258,SKU-1105,1381,9.54,2025-02-15 17:00:00
SOL-0000784,SO-000258,SKU-1021,1642,4.75,2025-02-16 18:00:00
SOL-0000785,SO-000259,SKU-1147,2956,28.37,2025-02-17 00:00:00
SOL-0000786,SO-000259,SKU-1175,1917,13.63,2025-02-17 21:00:00
SOL-0000787,SO-000259,SKU-1007,319,11.6,2025-02-15 15:00:00
SOL-0000788,SO-000260,SKU-1028,1525,15.83,2025-02-17 10:00:00
SOL-0000789,SO-000260,SKU-1266,2263,25.26,2025-02-17 01:00:00
SOL-0000790,SO-000260,SKU-1105,1178,9.54,2025-02-17 01:00:00
SOL-0000791,SO-000260,SKU-1175,2832,13.63,2025-02-17 03:00:00
SOL-0000792,SO-000261,SKU-1245,2507,18.16,2025-02-15 18:00:00
SOL-0000793,SO-000261,SKU-1280,2178,11.2,2025-02-17 06:00:00
SOL-0000794,SO-000261,SKU-1196,1704,39.91,2025-02-17 03:00:00
SOL-0000795,SO-000262,SKU-1245,1861,18.16,2025-02-16 16:00:00
SOL-0000796,SO-000262,SKU-1049,1763,17.66,2025-02-15 13:00:00
SOL-0000797,SO-000262,SKU-1105,732,9.54,2025-02-17 19:00:00
SOL-0000798,SO-000263,SKU-1175,2954,13.63,2025-02-15 21:00:00
SOL-0000799,SO-000263,SKU-1210,1020,28.38,2025-02-16 14:00:00
SOL-0000800,SO-000263,SKU-1056,1126,11.54,2025-02-17 06:00:00
SOL-0000801,SO-000264,SKU-1105,2623,9.54,2025-02-16 02:00:00
SOL-0000802,SO-000264,SKU-1014,2569,8.01,2025-02-15 10:00:00
SOL-0000803,SO-000264,SKU-1119,1976,11.12,2025-02-17 20:00:00
SOL-0000804,SO-000265,SKU-1021,377,4.75,2025-02-17 20:00:00
SOL-0000805,SO-000265,SKU-1056,2296,11.54,2025-02-17 20:00:00
SOL-0000806,SO-000266,SKU-1063,1666,27.29,2025-02-17 09:00:00
SOL-0000807,SO-000266,SKU-1028,2853,15.83,2025-02-15 04:00:00
SOL-0000808,SO-000266,SKU-1280,658,11.2,2025-02-16 20:00:00
SOL-0000809,SO-000267,SKU-1112,2002,13.02,2025-02-15 20:00:00
SOL-0000810,SO-000267,SKU-1126,941,18.72,2025-02-15 00:00:00
SOL-0000811,SO-000267,SKU-1280,719,11.2,2025-02-17 10:00:00
SOL-0000812,SO-000267,SKU-1217,1333,38.88,2025-02-16 20:00:00
SOL-0000813,SO-000268,SKU-1105,688,9.54,2025-02-15 22:00:00
SOL-0000814,SO-000268,SKU-1042,728,26.78,2025-02-16 02:00:00
SOL-0000815,SO-000268,SKU-1070,227,11.69,2025-02-17 10:00:00
SOL-0000816,SO-000268,SKU-1063,2840,27.29,2025-02-16 12:00:00
SOL-0000817,SO-000269,SKU-1126,264,18.72,2025-02-17 06:00:00
SOL-0000818,SO-000269,SKU-1056,2153,11.54,2025-02-17 03:00:00
SOL-0000819,SO-000269,SKU-1063,1346,27.29,2025-02-17 04:00:00
SOL-0000820,SO-000269,SKU-1091,943,20.36,2025-02-15 19:00:00
SOL-0000821,SO-000270,SKU-1189,429,40.15,2025-02-15 15:00:00
SOL-0000822,SO-000270,SKU-1007,2476,11.6,2025-02-16 17:00:00
SOL-0000823,SO-000270,SKU-1112,407,13.02,2025-02-17 05:00:00
SOL-0000824,SO-000270,SKU-1049,2836,17.66,2025-02-15 15:00:00
SOL-0000825,SO-000271,SKU-1266,785,25.26,2025-02-16 02:00:00
SOL-0000826,SO-000271,SKU-1196,1571,39.91,2025-02-17 14:00:00
SOL-0000827,SO-000271,SKU-1126,1125,18.72,2025-02-15 06:00:00
SOL-0000828,SO-000271,SKU-1119,1414,11.12,2025-02-16 01:00:00
SOL-0000829,SO-000272,SKU-1105,2412,9.54,2025-02-15 08:00:00
SOL-0000830,SO-000272,SKU-1070,2349,11.69,2025-02-16 21:00:00
SOL-0000831,SO-000273,SKU-1028,2781,15.83,2025-02-15 06:00:00
SOL-0000832,SO-000273,SKU-1070,2773,11.69,2025-02-15 10:00:00
SOL-0000833,SO-000273,SKU-1245,884,18.16,2025-02-15 18:00:00
SOL-0000834,SO-000273,SKU-1042,1447,26.78,2025-02-17 12:00:00
SOL-0000835,SO-000274,SKU-1091,2144,20.36,2025-02-15 09:00:00
SOL-0000836,SO-000274,SKU-1126,2159,18.72,2025-02-15 09:00:00
SOL-0000837,SO-000275,SKU-1014,2573,8.01,2025-02-16 03:00:00
SOL-0000838,SO-000275,SKU-1070,2637,11.69,2025-02-15 14:00:00
SOL-0000839,SO-000275,SKU-1217,1446,38.88,2025-02-17 12:00:00
SOL-0000840,SO-000276,SKU-1217,1218,38.88,2025-02-16 04:00:00
SOL-0000841,SO-000276,SKU-1126,1312,18.72,2025-02-15 10:00:00
SOL-0000842,SO-000276,SKU-1028,1212,15.83,2025-02-16 10:00:00
SOL-0000843,SO-000277,SKU-1070,2199,11.69,2025-02-15 01:00:00
SOL-0000844,SO-000277,SKU-1210,869,28.38,2025-02-15 15:00:00
SOL-0000845,SO-000278,SKU-1196,567,39.91,2025-02-16 21:00:00
SOL-0000846,SO-000278,SKU-1021,2596,4.75,2025-02-16 14:00:00
SOL-0000847,SO-000278,SKU-1070,2979,11.69,2025-02-16 13:00:00
SOL-0000848,SO-000278,SKU-1007,2173,11.6,2025-02-16 11:00:00
SOL-0000849,SO-000279,SKU-1007,589,11.6,2025-02-16 11:00:00
SOL-0000850,SO-000279,SKU-1056,2488,11.54,2025-02-17 18:00:00
SOL-0000851,SO-000279,SKU-1119,420,11.12,2025-02-17 10:00:00
SOL-0000852,SO-000279,SKU-1063,652,27.29,2025-02-17 06:00:00
SOL-0000853,SO-000280,SKU-1042,510,26.78,2025-02-17 04:00:00
SOL-0000854,SO-000280,SKU-1028,1975,15.83,2025-02-16 16:00:00
SOL-0000855,SO-000280,SKU-1056,1353,11.54,2025-02-17 06:00:00
SOL-0000856,SO-000281,SKU-1028,1476,15.83,2025-02-16 22:00:00
SOL-0000857,SO-000281,SKU-1147,1257,28.37,2025-02-16 06:00:00
SOL-0000858,SO-000282,SKU-1280,366,11.97,2025-02-17 15:00:00
SOL-0000859,SO-000282,SKU-1196,410,41.51,2025-02-15 21:00:00
SOL-0000860,SO-000282,SKU-1210,1743,30.12,2025-02-16 04:00:00
SOL-0000861,SO-000283,SKU-1245,2368,18.78,2025-02-15 21:00:00
SOL-0000862,SO-000283,SKU-1210,719,30.12,2025-02-17 02:00:00
SOL-0000863,SO-000283,SKU-1196,1492,41.51,2025-02-15 10:00:00
SOL-0000864,SO-000284,SKU-1161,2164,5.7,2025-02-15 00:00:00
SOL-0000865,SO-000284,SKU-1056,1196,12.44,2025-02-17 12:00:00
SOL-0000866,SO-000285,SKU-1056,1108,12.44,2025-02-16 03:00:00
SOL-0000867,SO-000285,SKU-1070,1082,12.43,2025-02-16 01:00:00
SOL-0000868,SO-000286,SKU-1049,1102,18.23,2025-02-17 04:00:00
SOL-0000869,SO-000286,SKU-1189,645,41.9,2025-02-17 16:00:00
SOL-0000870,SO-000286,SKU-1056,521,12.44,2025-02-15 22:00:00
SOL-0000871,SO-000287,SKU-1126,1229,19.66,2025-02-17 07:00:00
SOL-0000872,SO-000287,SKU-1210,1887,30.12,2025-02-16 08:00:00
SOL-0000873,SO-000287,SKU-1028,451,16.48,2025-02-17 16:00:00
SOL-0000874,SO-000288,SKU-1119,1856,11.62,2025-02-15 17:00:00
SOL-0000875,SO-000288,SKU-1112,1499,13.91,2025-02-17 10:00:00
SOL-0000876,SO-000289,SKU-1147,1191,29.46,2025-02-16 18:00:00
SOL-0000877,SO-000289,SKU-1091,2017,20.98,2025-02-16 03:00:00
SOL-0000878,SO-000290,SKU-1063,1645,28.37,2025-02-17 13:00:00
SOL-0000879,SO-000290,SKU-1007,955,12.35,2025-02-16 18:00:00
SOL-0000880,SO-000290,SKU-1147,2682,29.46,2025-02-15 13:00:00
SOL-0000881,SO-000290,SKU-1112,704,13.91,2025-02-17 08:00:00
SOL-0000882,SO-000291,SKU-1161,907,5.7,2025-02-16 12:00:00
SOL-0000883,SO-000291,SKU-1063,541,28.37,2025-02-17 15:00:00
SOL-0000884,SO-000292,SKU-1245,2230,18.78,2025-02-16 06:00:00
SOL-0000885,SO-000292,SKU-1196,2314,41.51,2025-02-15 04:00:00
SOL-0000886,SO-000292,SKU-1091,1267,20.98,2025-02-17 12:00:00
SOL-0000887,SO-000292,SKU-1189,1582,41.9,2025-02-17 21:00:00
SOL-0000888,SO-000293,SKU-1196,1681,41.51,2025-02-15 19:00:00
SOL-0000889,SO-000293,SKU-1112,1837,13.91,2025-02-16 14:00:00
SOL-0000890,SO-000294,SKU-1112,2744,13.91,2025-02-15 02:00:00
SOL-0000891,SO-000294,SKU-1196,1396,41.51,2025-02-17 14:00:00
SOL-0000892,SO-000295,SKU-1245,2970,18.78,2025-02-17 10:00:00
SOL-0000893,SO-000295,SKU-1119,1735,11.62,2025-02-17 21:00:00
SOL-0000894,SO-000295,SKU-1070,1550,12.43,2025-02-16 19:00:00
SOL-0000895,SO-000296,SKU-1014,2337,8.57,2025-02-15 00:00:00
SOL-0000896,SO-000296,SKU-1217,1036,40.85,2025-02-16 14:00:00
SOL-0000897,SO-000296,SKU-1091,2820,20.98,2025-02-16 10:00:00
SOL-0000898,SO-000297,SKU-1014,2779,8.57,2025-02-15 20:00:00
SOL-0000899,SO-000297,SKU-1021,1704,5.11,2025-02-17 17:00:00
SOL-0000900,SO-000297,SKU-1189,2395,41.9,2025-02-15 22:00:00
SOL-0000901,SO-000297,SKU-1161,2616,5.7,2025-02-17 22:00:00
SOL-0000902,SO-000298,SKU-1007,1438,12.35,2025-02-16 20:00:00
SOL-0000903,SO-000298,SKU-1063,708,28.37,2025-02-17 20:00:00
SOL-0000904,SO-000298,SKU-1091,2722,20.98,2025-02-16 01:00:00
SOL-0000905,SO-000298,SKU-1189,2728,41.9,2025-02-17 20:00:00
SOL-0000906,SO-000299,SKU-1245,320,18.78,2025-02-15 16:00:00
SOL-0000907,SO-000299,SKU-1105,709,9.88,2025-02-17 15:00:00
SOL-0000908,SO-000299,SKU-1189,2730,41.9,2025-02-16 17:00:00
SOL-0000909,SO-000300,SKU-1014,891,8.57,2025-02-16 19:00:00
SOL-0000910,SO-000300,SKU-1147,1304,29.46,2025-02-17 01:00:00
SOL-0000911,SO-000300,SKU-1042,1646,28.78,2025-02-17 19:00:00
SOL-0000912,SO-000301,SKU-1119,2117,11.62,2025-02-16 22:00:00
SOL-0000913,SO-000301,SKU-1070,1685,12.43,2025-02-15 19:00:00
SOL-0000914,SO-000301,SKU-1266,2902,27.15,2025-02-16 12:00:00
SOL-0000915,SO-000301,SKU-1245,361,18.78,2025-02-15 19:00:00
SOL-0000916,SO-000302,SKU-1063,2996,28.37,2025-02-17 10:00:00
SOL-0000917,SO-000302,SKU-1014,1043,8.57,2025-02-17 13:00:00
SOL-0000918,SO-000302,SKU-1280,2948,11.97,2025-02-16 17:00:00
SOL-0000919,SO-000303,SKU-1049,459,18.23,2025-02-15 06:00:00
SOL-0000920,SO-000303,SKU-1266,2742,27.15,2025-02-17 02:00:00
SOL-0000921,SO-000304,SKU-1217,752,40.85,2025-02-16 14:00:00
SOL-0000922,SO-000304,SKU-1119,1909,11.62,2025-02-15 02:00:00
SOL-0000923,SO-000304,SKU-1112,2348,13.91,2025-02-15 09:00:00
SOL-0000924,SO-000304,SKU-1028,1184,16.48,2025-02-15 11:00:00
SOL-0000925,SO-000305,SKU-1063,207,28.37,2025-02-15 16:00:00
SOL-0000926,SO-000305,SKU-1189,2465,41.9,2025-02-15 22:00:00
SOL-0000927,SO-000305,SKU-1105,1030,9.88,2025-02-16 21:00:00
SOL-0000928,SO-000306,SKU-1042,2606,28.78,2025-02-17 04:00:00
SOL-0000929,SO-000306,SKU-1091,2937,20.98,2025-02-17 04:00:00
SOL-0000930,SO-000306,SKU-1014,264,8.57,2025-02-17 22:00:00
SOL-0000931,SO-000307,SKU-1196,755,41.51,2025-02-16 17:00:00
SOL-0000932,SO-000307,SKU-1049,2392,18.23,2025-02-17 12:00:00
SOL-0000933,SO-000307,SKU-1105,1416,9.88,2025-02-15 08:00:00
SOL-0000934,SO-000308,SKU-1105,1777,9.88,2025-02-16 00:00:00
SOL-0000935,SO-000308,SKU-1175,1117,14.69,2025-02-15 19:00:00
SOL-0000936,SO-000308,SKU-1161,376,5.7,2025-02-17 05:00:00
SOL-0000937,SO-000308,SKU-1189,1135,41.9,2025-02-15 14:00:00
SOL-0000938,SO-000309,SKU-1126,927,19.66,2025-02-15 01:00:00
SOL-0000939,SO-000309,SKU-1175,2134,14.69,2025-02-17 08:00:00
SOL-0000940,SO-000309,SKU-1245,660,18.78,2025-02-17 12:00:00
SOL-0000941,SO-000309,SKU-1049,883,18.23,2025-02-15 08:00:00
SOL-0000942,SO-000310,SKU-1056,2877,12.44,2025-02-16 08:00:00
SOL-0000943,SO-000310,SKU-1119,806,11.62,2025-02-16 10:00:00
SOL-0000944,SO-000310,SKU-1105,2799,9.88,2025-02-17 16:00:00
SOL-0000945,SO-000311,SKU-1028,2483,16.48,2025-02-16 12:00:00
SOL-0000946,SO-000311,SKU-1105,731,9.88,2025-02-16 14:00:00
SOL-0000947,SO-000312,SKU-1028,822,16.48,2025-02-15 14:00:00
SOL-0000948,SO-000312,SKU-1161,2951,5.7,2025-02-17 01:00:00
SOL-0000949,SO-000313,SKU-1210,959,30.12,2025-02-15 20:00:00
SOL-0000950,SO-000313,SKU-1056,1040,12.44,2025-02-16 14:00:00
SOL-0000951,SO-000313,SKU-1175,2105,14.69,2025-02-17 20:00:00
SOL-0000952,SO-000314,SKU-1245,1318,18.78,2025-02-16 06:00:00
SOL-0000953,SO-000314,SKU-1112,1775,13.91,2025-02-17 10:00:00
SOL-0000954,SO-000314,SKU-1056,895,12.44,2025-02-16 12:00:00
SOL-0000955,SO-000314,SKU-1063,2274,28.37,2025-02-16 06:00:00
SOL-0000956,SO-000315,SKU-1091,1540,20.98,2025-02-16 19:00:00
SOL-0000957,SO-000315,SKU-1112,997,13.91,2025-02-17 03:00:00
SOL-0000958,SO-000315,SKU-1119,2507,11.62,2025-02-17 07:00:00
SOL-0000959,SO-000316,SKU-1063,1345,28.37,2025-02-15 20:00:00
SOL-0000960,SO-000316,SKU-1217,453,40.85,2025-02-16 11:00:00
SOL-0000961,SO-000316,SKU-1021,769,5.11,2025-02-15 06:00:00
SOL-0000962,SO-000316,SKU-1056,1360,12.44,2025-02-15 13:00:00
SOL-0000963,SO-000317,SKU-1028,2154,16.48,2025-02-16 17:00:00
SOL-0000964,SO-000317,SKU-1196,2553,41.51,2025-02-17 10:00:00
SOL-0000965,SO-000317,SKU-1063,806,28.37,2025-02-17 04:00:00
SOL-0000966,SO-000317,SKU-1091,1303,20.98,2025-02-16 02:00:00
SOL-0000967,SO-000318,SKU-1161,1201,5.7,2025-02-17 05:00:00
SOL-0000968,SO-000318,SKU-1028,2093,16.48,2025-02-15 05:00:00
SOL-0000969,SO-000318,SKU-1063,319,28.37,2025-02-16 03:00:00
SOL-0000970,SO-000318,SKU-1126,2905,19.66,2025-02-15 20:00:00
SOL-0000971,SO-000319,SKU-1245,2875,18.78,2025-02-16 09:00:00
SOL-0000972,SO-000319,SKU-1112,2461,13.91,2025-02-16 20:00:00
SOL-0000973,SO-000320,SKU-1245,1019,18.78,2025-02-16 09:00:00
SOL-0000974,SO-000320,SKU-1105,1687,9.88,2025-02-15 00:00:00
SOL-0000975,SO-000320,SKU-1014,884,8.57,2025-02-17 13:00:00
SOL-0000976,SO-000320,SKU-1028,2885,16.48,2025-02-17 15:00:00
SOL-0000977,SO-000321,SKU-1028,1958,16.48,2025-02-17 10:00:00
SOL-0000978,SO-000321,SKU-1007,1775,12.35,2025-02-15 16:00:00
SOL-0000979,SO-000321,SKU-1266,1218,27.15,2025-02-16 11:00:00
SOL-0000980,SO-000321,SKU-1070,1039,12.43,2025-02-15 07:00:00
SOL-0000981,SO-000322,SKU-1196,2954,41.51,2025-02-17 11:00:00
SOL-0000982,SO-000322,SKU-1042,1997,28.78,2025-02-15 02:00:00
SOL-0000983,SO-000322,SKU-1105,2863,9.88,2025-02-17 01:00:00
SOL-0000984,SO-000322,SKU-1119,1269,11.62,2025-02-17 11:00:00
SOL-0000985,SO-000323,SKU-1112,465,13.91,2025-02-16 11:00:00
SOL-0000986,SO-000323,SKU-1280,775,11.97,2025-02-15 20:00:00
SOL-0000987,SO-000323,SKU-1021,1672,5.11,2025-02-15 06:00:00
SOL-0000988,SO-000324,SKU-1119,2195,11.12,2025-02-15 12:00:00
SOL-0000989,SO-000324,SKU-1105,1971,9.54,2025-02-16 08:00:00
SOL-0000990,SO-000325,SKU-1168,2918,5.33,2025-02-16 16:00:00
SOL-0000991,SO-000325,SKU-1119,2269,11.12,2025-02-16 17:00:00
SOL-0000992,SO-000325,SKU-1035,2882,2.38,2025-02-15 04:00:00
SOL-0000993,SO-000326,SKU-1168,1196,5.33,2025-02-15 05:00:00
SOL-0000994,SO-000326,SKU-1161,1578,5.35,2025-02-16 13:00:00
SOL-0000995,SO-000327,SKU-1119,1384,11.12,2025-02-16 00:00:00
SOL-0000996,SO-000327,SKU-1231,1660,9.46,2025-02-15 12:00:00
SOL-0000997,SO-000327,SKU-1168,1067,5.33,2025-02-17 06:00:00
SOL-0000998,SO-000327,SKU-1007,202,11.6,2025-02-16 16:00:00
SOL-0000999,SO-000328,SKU-1028,2085,15.83,2025-02-17 10:00:00
SOL-0001000,SO-000328,SKU-1175,726,13.63,2025-02-16 05:00:00
SOL-0001001,SO-000329,SKU-1084,592,7.79,2025-02-16 02:00:00
SOL-0001002,SO-000329,SKU-1203,784,11.8,2025-02-17 00:00:00
SOL-0001003,SO-000330,SKU-1084,1046,7.79,2025-02-16 10:00:00
SOL-0001004,SO-000330,SKU-1028,2718,15.83,2025-02-17 00:00:00
SOL-0001005,SO-000330,SKU-1035,2983,2.38,2025-02-16 14:00:00
SOL-0001006,SO-000330,SKU-1007,2905,11.6,2025-02-15 15:00:00
SOL-0001007,SO-000331,SKU-1007,2871,11.6,2025-02-16 00:00:00
SOL-0001008,SO-000331,SKU-1154,1706,3.85,2025-02-16 01:00:00
SOL-0001009,SO-000331,SKU-1112,2779,13.02,2025-02-17 20:00:00
SOL-0001010,SO-000331,SKU-1168,1420,5.33,2025-02-15 02:00:00
SOL-0001011,SO-000332,SKU-1168,2749,5.33,2025-02-16 18:00:00
SOL-0001012,SO-000332,SKU-1014,2335,8.01,2025-02-16 08:00:00
SOL-0001013,SO-000332,SKU-1266,958,25.26,2025-02-15 19:00:00
SOL-0001014,SO-000333,SKU-1014,514,8.01,2025-02-15 17:00:00
SOL-0001015,SO-000333,SKU-1168,1813,5.33,2025-02-15 18:00:00
SOL-0001016,SO-000333,SKU-1084,544,7.79,2025-02-16 00:00:00
SOL-0001017,SO-000333,SKU-1126,1631,18.72,2025-02-16 04:00:00
SOL-0001018,SO-000334,SKU-1203,1988,11.8,2025-02-16 22:00:00
SOL-0001019,SO-000334,SKU-1147,2630,28.37,2025-02-16 12:00:00
SOL-0001020,SO-000335,SKU-1224,1608,26.34,2025-02-15 08:00:00
SOL-0001021,SO-000335,SKU-1161,2911,5.35,2025-02-17 18:00:00
SOL-0001022,SO-000336,SKU-1252,1579,21.1,2025-02-17 16:00:00
SOL-0001023,SO-000336,SKU-1210,2706,28.38,2025-02-16 11:00:00
SOL-0001024,SO-000336,SKU-1063,1646,27.29,2025-02-16 01:00:00
SOL-0001025,SO-000336,SKU-1126,1525,18.72,2025-02-16 06:00:00
SOL-0001026,SO-000337,SKU-1105,2571,9.54,2025-02-15 04:00:00
SOL-0001027,SO-000337,SKU-1161,555,5.35,2025-02-17 18:00:00
SOL-0001028,SO-000337,SKU-1126,1585,18.72,2025-02-16 05:00:00
SOL-0001029,SO-000337,SKU-1063,2899,27.29,2025-02-17 21:00:00
SOL-0001030,SO-000338,SKU-1175,409,13.63,2025-02-15 10:00:00
SOL-0001031,SO-000338,SKU-1084,1016,7.79,2025-02-15 18:00:00
SOL-0001032,SO-000338,SKU-1154,2773,3.85,2025-02-16 05:00:00
SOL-0001033,SO-000339,SKU-1007,244,11.6,2025-02-16 16:00:00
SOL-0001034,SO-000339,SKU-1161,666,5.35,2025-02-15 21:00:00
SOL-0001035,SO-000340,SKU-1077,2638,16.9,2025-02-16 19:00:00
SOL-0001036,SO-000340,SKU-1168,867,5.33,2025-02-17 14:00:00
SOL-0001037,SO-000341,SKU-1154,2157,3.85,2025-02-15 07:00:00
SOL-0001038,SO-000341,SKU-1224,1011,26.34,2025-02-16 01:00:00
SOL-0001039,SO-000341,SKU-1028,1326,15.83,2025-02-16 17:00:00
SOL-0001040,SO-000341,SKU-1084,1308,7.79,2025-02-16 18:00:00
SOL-0001041,SO-000342,SKU-1161,1302,5.35,2025-02-17 01:00:00
SOL-0001042,SO-000342,SKU-1210,1010,28.38,2025-02-17 06:00:00
SOL-0001043,SO-000343,SKU-1077,526,16.9,2025-02-16 22:00:00
SOL-0001044,SO-000343,SKU-1203,231,11.8,2025-02-17 15:00:00
SOL-0001045,SO-000343,SKU-1273,2887,24.53,2025-02-17 05:00:00
SOL-0001046,SO-000344,SKU-1126,1350,18.72,2025-02-17 11:00:00
SOL-0001047,SO-000344,SKU-1014,1759,8.01,2025-02-15 03:00:00
SOL-0001048,SO-000344,SKU-1028,2459,15.83,2025-02-16 20:00:00
SOL-0001049,SO-000345,SKU-1210,2986,28.38,2025-02-17 05:00:00
SOL-0001050,SO-000345,SKU-1077,946,16.9,2025-02-16 01:00:00
SOL-0001051,SO-000346,SKU-1154,916,3.85,2025-02-17 05:00:00
SOL-0001052,SO-000346,SKU-1014,503,8.01,2025-02-17 04:00:00
SOL-0001053,SO-000346,SKU-1028,2470,15.83,2025-02-16 02:00:00
SOL-0001054,SO-000347,SKU-1077,657,16.9,2025-02-15 11:00:00
SOL-0001055,SO-000347,SKU-1252,1281,21.1,2025-02-15 18:00:00
SOL-0001056,SO-000348,SKU-1105,596,9.54,2025-02-16 09:00:00
SOL-0001057,SO-000348,SKU-1063,2465,27.29,2025-02-17 04:00:00
SOL-0001058,SO-000348,SKU-1252,2822,21.1,2025-02-17 21:00:00
SOL-0001059,SO-000348,SKU-1210,683,28.38,2025-02-15 15:00:00
SOL-0001060,SO-000349,SKU-1203,1086,11.8,2025-02-16 00:00:00
SOL-0001061,SO-000349,SKU-1266,953,25.26,2025-02-15 13:00:00
SOL-0001062,SO-000349,SKU-1119,2562,11.12,2025-02-16 09:00:00
SOL-0001063,SO-000350,SKU-1007,2075,11.6,2025-02-16 08:00:00
SOL-0001064,SO-000350,SKU-1231,207,9.46,2025-02-17 14:00:00
SOL-0001065,SO-000351,SKU-1084,1137,7.79,2025-02-15 07:00:00
SOL-0001066,SO-000351,SKU-1203,2750,11.8,2025-02-16 13:00:00
SOL-0001067,SO-000351,SKU-1175,2753,13.63,2025-02-17 04:00:00
SOL-0001068,SO-000351,SKU-1077,1015,16.9,2025-02-17 00:00:00
SOL-0001069,SO-000352,SKU-1084,937,7.79,2025-02-15 09:00:00
SOL-0001070,SO-000352,SKU-1112,2522,13.02,2025-02-16 12:00:00
SOL-0001071,SO-000352,SKU-1119,1865,11.12,2025-02-16 17:00:00
SOL-0001072,SO-000352,SKU-1273,1930,24.53,2025-02-16 13:00:00
SOL-0001073,SO-000353,SKU-1105,1145,9.54,2025-02-15 09:00:00
SOL-0001074,SO-000353,SKU-1273,1568,24.53,2025-02-16 12:00:00
SOL-0001075,SO-000353,SKU-1175,1351,13.63,2025-02-17 07:00:00
SOL-0001076,SO-000353,SKU-1035,2328,2.38,2025-02-15 21:00:00
SOL-0001077,SO-000354,SKU-1224,2275,26.34,2025-02-16 06:00:00
SOL-0001078,SO-000354,SKU-1014,1567,8.01,2025-02-15 21:00:00
SOL-0001079,SO-000354,SKU-1273,583,24.53,2025-02-17 08:00:00
SOL-0001080,SO-000355,SKU-1210,1590,28.38,2025-02-17 02:00:00
SOL-0001081,SO-000355,SKU-1273,337,24.53,2025-02-16 07:00:00
SOL-0001082,SO-000355,SKU-1147,2136,28.37,2025-02-16 11:00:00
SOL-0001083,SO-000355,SKU-1175,2766,13.63,2025-02-17 19:00:00
SOL-0001084,SO-000356,SKU-1231,830,9.46,2025-02-16 03:00:00
SOL-0001085,SO-000356,SKU-1175,2291,13.63,2025-02-15 01:00:00
SOL-0001086,SO-000356,SKU-1007,444,11.6,2025-02-16 08:00:00
SOL-0001087,SO-000357,SKU-1168,1079,5.33,2025-02-17 19:00:00
SOL-0001088,SO-000357,SKU-1084,1812,7.79,2025-02-17 03:00:00
SOL-0001089,SO-000358,SKU-1126,702,18.72,2025-02-17 08:00:00
SOL-0001090,SO-000358,SKU-1035,1281,2.38,2025-02-17 04:00:00
SOL-0001091,SO-000359,SKU-1224,421,26.34,2025-02-17 09:00:00
SOL-0001092,SO-000359,SKU-1014,1996,8.01,2025-02-17 12:00:00
SOL-0001093,SO-000359,SKU-1063,1282,27.29,2025-02-16 03:00:00
SOL-0001094,SO-000360,SKU-1035,2784,2.38,2025-02-15 15:00:00
SOL-0001095,SO-000360,SKU-1014,905,8.01,2025-02-16 03:00:00
SOL-0001096,SO-000361,SKU-1224,2129,26.34,2025-02-17 07:00:00
SOL-0001097,SO-000361,SKU-1210,1181,28.38,2025-02-15 11:00:00
SOL-0001098,SO-000362,SKU-1077,1701,16.9,2025-02-16 03:00:00
SOL-0001099,SO-000362,SKU-1014,718,8.01,2025-02-16 17:00:00
SOL-0001100,SO-000362,SKU-1168,315,5.33,2025-02-15 19:00:00
SOL-0001101,SO-000362,SKU-1035,2053,2.38,2025-02-15 08:00:00
SOL-0001102,SO-000363,SKU-1105,432,9.54,2025-02-15 12:00:00
SOL-0001103,SO-000363,SKU-1084,1120,7.79,2025-02-16 02:00:00
SOL-0001104,SO-000364,SKU-1273,2306,24.53,2025-02-17 17:00:00
SOL-0001105,SO-000364,SKU-1084,278,7.79,2025-02-15 11:00:00
SOL-0001106,SO-000365,SKU-1105,482,9.54,2025-02-15 08:00:00
SOL-0001107,SO-000365,SKU-1028,374,15.83,2025-02-16 21:00:00
SOL-0001108,SO-000366,SKU-1077,948,17.67,2025-02-17 10:00:00
SOL-0001109,SO-000366,SKU-1084,1534,8.14,2025-02-15 02:00:00
SOL-0001110,SO-000367,SKU-1035,2286,2.53,2025-02-16 09:00:00
SOL-0001111,SO-000367,SKU-1273,2970,26.09,2025-02-15 21:00:00
SOL-0001112,SO-000367,SKU-1077,439,17.67,2025-02-17 01:00:00
SOL-0001113,SO-000367,SKU-1252,1359,22.34,2025-02-17 13:00:00
SOL-0001114,SO-000368,SKU-1203,409,12.66,2025-02-15 09:00:00
SOL-0001115,SO-000368,SKU-1266,2314,27.15,2025-02-16 10:00:00
SOL-0001116,SO-000368,SKU-1112,1986,13.91,2025-02-17 09:00:00
SOL-0001117,SO-000368,SKU-1231,2055,10.18,2025-02-16 07:00:00
SOL-0001118,SO-000369,SKU-1252,1258,22.34,2025-02-16 12:00:00
SOL-0001119,SO-000369,SKU-1175,1755,14.69,2025-02-17 16:00:00
SOL-0001120,SO-000369,SKU-1210,2994,30.12,2025-02-17 15:00:00
SOL-0001121,SO-000370,SKU-1007,2588,12.35,2025-02-15 06:00:00
SOL-0001122,SO-000370,SKU-1203,669,12.66,2025-02-16 07:00:00
SOL-0001123,SO-000371,SKU-1007,942,12.35,2025-02-17 03:00:00
SOL-0001124,SO-000371,SKU-1224,848,27.32,2025-02-16 16:00:00
SOL-0001125,SO-000372,SKU-1231,2469,10.18,2025-02-16 08:00:00
SOL-0001126,SO-000372,SKU-1126,1010,19.66,2025-02-16 12:00:00
SOL-0001127,SO-000372,SKU-1273,1880,26.09,2025-02-17 15:00:00
SOL-0001128,SO-000373,SKU-1014,1595,8.57,2025-02-17 07:00:00
SOL-0001129,SO-000373,SKU-1007,1306,12.35,2025-02-17 11:00:00
SOL-0001130,SO-000373,SKU-1119,1133,11.62,2025-02-17 02:00:00
SOL-0001131,SO-000373,SKU-1084,808,8.14,2025-02-16 11:00:00
SOL-0001132,SO-000374,SKU-1154,1579,4.05,2025-02-17 17:00:00
SOL-0001133,SO-000374,SKU-1252,2676,22.34,2025-02-16 10:00:00
SOL-0001134,SO-000374,SKU-1063,2318,28.37,2025-02-17 11:00:00
SOL-0001135,SO-000374,SKU-1224,420,27.32,2025-02-17 13:00:00
SOL-0001136,SO-000375,SKU-1266,821,27.15,2025-02-16 20:00:00
SOL-0001137,SO-000375,SKU-1105,2427,9.88,2025-02-15 16:00:00
SOL-0001138,SO-000376,SKU-1154,1291,4.05,2025-02-15 11:00:00
SOL-0001139,SO-000376,SKU-1231,1062,10.18,2025-02-16 17:00:00
SOL-0001140,SO-000376,SKU-1105,829,9.88,2025-02-17 14:00:00
SOL-0001141,SO-000376,SKU-1189,852,41.9,2025-02-15 19:00:00
SOL-0001142,SO-000377,SKU-1161,1221,5.7,2025-02-16 21:00:00
SOL-0001143,SO-000377,SKU-1105,654,9.88,2025-02-16 05:00:00
SOL-0001144,SO-000377,SKU-1224,2167,27.32,2025-02-16 02:00:00
SOL-0001145,SO-000377,SKU-1231,2334,10.18,2025-02-16 04:00:00
SOL-0001146,SO-000378,SKU-1224,2858,27.32,2025-02-17 20:00:00
SOL-0001147,SO-000378,SKU-1161,2359,5.7,2025-02-17 17:00:00
SOL-0001148,SO-000379,SKU-1077,2383,17.67,2025-02-15 17:00:00
SOL-0001149,SO-000379,SKU-1063,2555,28.37,2025-02-15 08:00:00
SOL-0001150,SO-000380,SKU-1154,2000,4.05,2025-02-16 09:00:00
SOL-0001151,SO-000380,SKU-1224,496,27.32,2025-02-17 04:00:00
SOL-0001152,SO-000380,SKU-1189,2628,41.9,2025-02-15 10:00:00
SOL-0001153,SO-000380,SKU-1105,2940,9.88,2025-02-17 03:00:00
SOL-0001154,SO-000381,SKU-1168,622,5.66,2025-02-15 11:00:00
SOL-0001155,SO-000381,SKU-1161,1450,5.7,2025-02-17 22:00:00
SOL-0001156,SO-000381,SKU-1112,680,13.91,2025-02-16 09:00:00
SOL-0001157,SO-000381,SKU-1175,548,14.69,2025-02-16 20:00:00
SOL-0001158,SO-000382,SKU-1168,1003,5.66,2025-02-15 15:00:00
SOL-0001159,SO-000382,SKU-1203,217,12.66,2025-02-17 06:00:00
SOL-0001160,SO-000382,SKU-1126,234,19.66,2025-02-15 04:00:00
SOL-0001161,SO-000383,SKU-1154,1885,4.05,2025-02-15 11:00:00
SOL-0001162,SO-000383,SKU-1252,805,22.34,2025-02-15 09:00:00
SOL-0001163,SO-000383,SKU-1161,1178,5.7,2025-02-17 19:00:00
SOL-0001164,SO-000384,SKU-1035,414,2.53,2025-02-17 01:00:00
SOL-0001165,SO-000384,SKU-1203,1348,12.66,2025-02-17 15:00:00
SOL-0001166,SO-000384,SKU-1077,1680,17.67,2025-02-15 11:00:00
SOL-0001167,SO-000385,SKU-1224,1847,27.32,2025-02-16 18:00:00
SOL-0001168,SO-000385,SKU-1154,1788,4.05,2025-02-16 21:00:00
SOL-0001169,SO-000386,SKU-1126,2553,19.66,2025-02-17 16:00:00
SOL-0001170,SO-000386,SKU-1203,2669,12.66,2025-02-17 11:00:00
SOL-0001171,SO-000386,SKU-1175,217,14.69,2025-02-16 15:00:00
SOL-0001172,SO-000387,SKU-1161,2752,5.7,2025-02-17 16:00:00
SOL-0001173,SO-000387,SKU-1112,1078,13.91,2025-02-16 00:00:00
SOL-0001174,SO-000388,SKU-1112,2139,13.91,2025-02-17 18:00:00
SOL-0001175,SO-000388,SKU-1210,1259,30.12,2025-02-16 20:00:00
SOL-0001176,SO-000388,SKU-1154,601,4.05,2025-02-17 10:00:00
SOL-0001177,SO-000388,SKU-1028,620,16.48,2025-02-15 15:00:00
SOL-0001178,SO-000389,SKU-1203,895,12.66,2025-02-15 00:00:00
SOL-0001179,SO-000389,SKU-1007,2188,12.35,2025-02-15 17:00:00
SOL-0001180,SO-000389,SKU-1126,1289,19.66,2025-02-17 15:00:00
SOL-0001181,SO-000389,SKU-1077,709,17.67,2025-02-17 06:00:00
SOL-0001182,SO-000390,SKU-1084,747,8.14,2025-02-17 19:00:00
SOL-0001183,SO-000390,SKU-1105,2206,9.88,2025-02-15 21:00:00
SOL-0001184,SO-000390,SKU-1014,1103,8.57,2025-02-16 21:00:00
SOL-0001185,SO-000391,SKU-1007,816,12.35,2025-02-16 16:00:00
SOL-0001186,SO-000391,SKU-1105,1730,9.88,2025-02-15 22:00:00
SOL-0001187,SO-000391,SKU-1168,2754,5.66,2025-02-16 12:00:00
SOL-0001188,SO-000392,SKU-1077,787,17.67,2025-02-15 15:00:00
SOL-0001189,SO-000392,SKU-1063,510,28.37,2025-02-16 02:00:00
SOL-0001190,SO-000392,SKU-1203,2326,12.66,2025-02-15 20:00:00
SOL-0001191,SO-000392,SKU-1119,2079,11.62,2025-02-16 07:00:00
SOL-0001192,SO-000393,SKU-1273,1719,26.09,2025-02-16 00:00:00
SOL-0001193,SO-000393,SKU-1084,953,8.14,2025-02-15 17:00:00
SOL-0001194,SO-000394,SKU-1084,1216,8.14,2025-02-17 11:00:00
SOL-0001195,SO-000394,SKU-1252,2559,22.34,2025-02-16 05:00:00
SOL-0001196,SO-000395,SKU-1154,452,4.05,2025-02-15 05:00:00
SOL-0001197,SO-000395,SKU-1147,1547,29.46,2025-02-17 03:00:00
SOL-0001198,SO-000396,SKU-1126,2725,19.66,2025-02-17 01:00:00
SOL-0001199,SO-000396,SKU-1077,2542,17.67,2025-02-16 02:00:00
SOL-0001200,SO-000397,SKU-1231,704,10.18,2025-02-16 11:00:00
SOL-0001201,SO-000397,SKU-1105,885,9.88,2025-02-16 05:00:00
SOL-0001202,SO-000397,SKU-1084,1695,8.14,2025-02-16 17:00:00
SOL-0001203,SO-000397,SKU-1175,1666,14.69,2025-02-17 00:00:00
SOL-0001204,SO-000398,SKU-1224,1655,27.32,2025-02-15 16:00:00
SOL-0001205,SO-000398,SKU-1203,1943,12.66,2025-02-17 09:00:00
SOL-0001206,SO-000398,SKU-1084,2910,8.14,2025-02-16 14:00:00
SOL-0001207,SO-000399,SKU-1189,2004,41.9,2025-02-16 05:00:00
SOL-0001208,SO-000399,SKU-1175,1897,14.69,2025-02-17 17:00:00
SOL-0001209,SO-000400,SKU-1147,2728,29.46,2025-02-16 09:00:00
SOL-0001210,SO-000400,SKU-1189,1519,41.9,2025-02-17 07:00:00
SOL-0001211,SO-000400,SKU-1168,2236,5.66,2025-02-15 21:00:00
SOL-0001212,SO-000401,SKU-1252,2246,22.34,2025-02-16 22:00:00
SOL-0001213,SO-000401,SKU-1168,924,5.66,2025-02-16 20:00:00
SOL-0001214,SO-000401,SKU-1189,1566,41.9,2025-02-17 02:00:00
SOL-0001215,SO-000402,SKU-1273,270,26.09,2025-02-17 22:00:00
SOL-0001216,SO-000402,SKU-1175,1497,14.69,2025-02-16 08:00:00
SOL-0001217,SO-000402,SKU-1063,1152,28.37,2025-02-16 06:00:00
SOL-0001218,SO-000402,SKU-1028,468,16.48,2025-02-16 02:00:00
SOL-0001219,SO-000403,SKU-1105,2179,9.88,2025-02-17 14:00:00
SOL-0001220,SO-000403,SKU-1203,2622,12.66,2025-02-15 18:00:00
SOL-0001221,SO-000403,SKU-1119,2640,11.62,2025-02-15 16:00:00
SOL-0001222,SO-000403,SKU-1252,1780,22.34,2025-02-15 10:00:00
SOL-0001223,SO-000404,SKU-1175,378,14.69,2025-02-15 16:00:00
SOL-0001224,SO-000404,SKU-1112,1782,13.91,2025-02-16 04:00:00
SOL-0001225,SO-000405,SKU-1119,1953,11.62,2025-02-15 04:00:00
SOL-0001226,SO-000405,SKU-1168,1657,5.66,2025-02-17 19:00:00
SOL-0001227,SO-000405,SKU-1112,2861,13.91,2025-02-15 16:00:00
