sales_order_id,retailer_id,order_date,promised_date,fulfilling_plant_id,status,LastModifiedDate
SO-000001,R01,2025-01-09,2025-01-22,P01,Shipped,2025-02-15 10:00:00
SO-000002,R01,2025-01-17,2025-01-28,P05,Shipped,2025-02-17 19:00:00
SO-000003,R01,2025-01-23,2025-02-05,P04,Shipped,2025-02-16 21:00:00
SO-000004,R01,2025-01-27,2025-02-04,P02,Shipped,2025-02-15 17:00:00
SO-000005,R01,2025-02-03,2025-02-14,P01,Shipped,2025-02-17 17:00:00
SO-000006,R01,2025-02-07,2025-02-15,P03,Partially Shipped,2025-02-16 11:00:00
SO-000007,R01,2025-02-14,2025-02-23,P01,Partially Shipped,2025-02-17 20:00:00
SO-000008,R01,2025-02-19,2025-03-02,P02,Shipped,2025-02-17 15:00:00
SO-000009,R01,2025-02-27,2025-03-09,P05,Shipped,2025-02-16 17:00:00
SO-000010,R01,2025-03-07,2025-03-14,P03,Partially Shipped,2025-02-17 07:00:00
SO-000011,R01,2025-03-12,2025-03-24,P01,Shipped,2025-02-15 05:00:00
SO-000012,R01,2025-03-21,2025-03-30,P02,Partially Shipped,2025-02-16 06:00:00
SO-000013,R01,2025-03-30,2025-04-12,P02,Partially Shipped,2025-02-15 13:00:00
SO-000014,R01,2025-04-05,2025-04-16,P04,Partially Shipped,2025-02-17 08:00:00
SO-000015,R01,2025-04-12,2025-04-22,P02,Shipped,2025-02-15 12:00:00
SO-000016,R01,2025-04-20,2025-05-03,P01,Shipped,2025-02-15 04:00:00
SO-000017,R01,2025-04-29,2025-05-13,P01,Partially Shipped,2025-02-16 22:00:00
SO-000018,R01,2025-05-06,2025-05-18,P01,Partially Shipped,2025-02-17 10:00:00
SO-000019,R01,2025-05-13,2025-05-25,P01,Shipped,2025-02-15 05:00:00
SO-000020,R01,2025-05-20,2025-06-03,P05,Shipped,2025-02-16 14:00:00
SO-000021,R01,2025-05-25,2025-06-07,P04,Partially Shipped,2025-02-16 06:00:00
SO-000022,R01,2025-05-29,2025-06-05,P04,Partially Shipped,2025-02-17 15:00:00
SO-000023,R01,2025-06-02,2025-06-14,P01,Partially Shipped,2025-02-16 04:00:00
SO-000024,R01,2025-06-08,2025-06-20,P03,Partially Shipped,2025-02-15 00:00:00
SO-000025,R01,2025-06-17,2025-06-25,P02,Partially Shipped,2025-02-15 04:00:00
SO-000026,R01,2025-06-23,2025-07-03,P04,Shipped,2025-02-15 15:00:00
SO-000027,R01,2025-06-30,2025-07-11,P02,Shipped,2025-02-17 17:00:00
SO-000028,R01,2025-07-08,2025-07-21,P01,Shipped,2025-02-16 01:00:00
SO-000029,R01,2025-07-13,2025-07-22,P01,Shipped,2025-02-16 06:00:00
SO-000030,R01,2025-07-22,2025-07-29,P05,Shipped,2025-02-16 09:00:00
SO-000031,R01,2025-07-30,2025-08-07,P03,Shipped,2025-02-16 04:00:00
SO-000032,R01,2025-08-03,2025-08-14,P04,Shipped,2025-02-16 13:00:00
SO-000033,R01,2025-08-08,2025-08-19,P02,Shipped,2025-02-16 15:00:00
SO-000034,R01,2025-08-15,2025-08-23,P05,Shipped,2025-02-15 02:00:00
SO-000035,R01,2025-08-24,2025-08-31,P04,Partially Shipped,2025-02-15 19:00:00
SO-000036,R01,2025-08-30,2025-09-13,P04,Shipped,2025-02-17 14:00:00
SO-000037,R01,2025-09-03,2025-09-12,P04,Shipped,2025-02-15 22:00:00
SO-000038,R01,2025-09-07,2025-09-21,P04,Shipped,2025-02-16 14:00:00
SO-000039,R01,2025-09-15,2025-09-27,P02,Shipped,2025-02-17 18:00:00
SO-000040,R01,2025-09-23,2025-10-06,P01,Shipped,2025-02-16 09:00:00
SO-000041,R01,2025-09-29,2025-10-11,P05,Shipped,2025-02-16 10:00:00
SO-000042,R01,2025-10-07,2025-10-20,P03,Partially Shipped,2025-02-17 03:00:00
SO-000043,R01,2025-10-12,2025-10-26,P03,Shipped,2025-02-15 07:00:00
SO-000044,R01,2025-10-19,2025-10-27,P04,Partially Shipped,2025-02-16 11:00:00
SO-000045,R01,2025-10-23,2025-11-02,P04,Shipped,2025-02-16 01:00:00
SO-000046,R01,2025-10-31,2025-11-11,P05,Shipped,2025-02-17 11:00:00
SO-000047,R01,2025-11-08,2025-11-22,P05,Shipped,2025-02-15 00:00:00
SO-000048,R01,2025-11-12,2025-11-19,P05,Shipped,2025-02-15 15:00:00
SO-000049,R01,2025-11-17,2025-11-25,P04,Shipped,2025-02-17 20:00:00
SO-000050,R01,2025-11-22,2025-12-04,P04,Partially Shipped,2025-02-16 03:00:00
SO-000051,R01,2025-11-29,2025-12-07,P05,Shipped,2025-02-17 21:00:00
SO-000052,R01,2025-12-05,2025-12-14,P01,Shipped,2025-02-16 08:00:00
SO-000053,R01,2025-12-13,2025-12-24,P05,Shipped,2025-02-17 09:00:00
SO-000054,R01,2025-12-17,2025-12-27,P05,Shipped,2025-02-15 16:00:00
SO-000055,R01,2025-12-21,2026-01-03,P03,Shipped,2025-02-17 10:00:00
SO-000056,R01,2025-12-26,2026-01-05,P01,Shipped,2025-02-15 12:00:00
SO-000057,R01,2026-01-04,2026-01-17,P03,Shipped,2025-02-15 13:00:00
SO-000058,R01,2026-01-13,2026-01-22,P05,Shipped,2025-02-17 22:00:00
SO-000059,R01,2026-01-22,2026-02-05,P03,Partially Shipped,2025-02-15 09:00:00
SO-000060,R01,2026-01-29,2026-02-05,P05,Partially Shipped,2025-02-17 12:00:00
SO-000061,R01,2026-02-07,2026-02-20,P05,Shipped,2025-02-16 01:00:00
SO-000062,R01,2026-02-15,2026-02-25,P05,Partially Shipped,2025-02-17 19:00:00
SO-000063,R01,2026-02-19,2026-03-03,P03,Shipped,2025-02-16 10:00:00
SO-000064,R01,2026-02-23,2026-03-07,P04,Partially Shipped,2025-02-15 00:00:00
SO-000065,R01,2026-03-03,2026-03-10,P05,Partially Shipped,2025-02-15 20:00:00
SO-000066,R01,2026-03-12,2026-03-23,P04,Shipped,2025-02-16 02:00:00
SO-000067,R01,2026-03-20,2026-03-29,P01,Shipped,2025-02-15 21:00:00
SO-000068,R01,2026-03-24,2026-04-01,P05,Shipped,2025-02-17 04:00:00
SO-000069,R01,2026-03-31,2026-04-11,P01,Shipped,2025-02-15 22:00:00
SO-000070,R01,2026-04-06,2026-04-13,P05,Shipped,2025-02-17 05:00:00
SO-000071,R01,2026-04-12,2026-04-22,P02,Shipped,2025-02-16 01:00:00
SO-000072,R01,2026-04-17,2026-04-25,P05,Partially Shipped,2025-02-17 02:00:00
SO-000073,R01,2026-04-24,2026-05-03,P04,Partially Shipped,2025-02-17 20:00:00
SO-000074,R01,2026-05-01,2026-05-15,P04,Shipped,2025-02-16 16:00:00
SO-000075,R01,2026-05-06,2026-05-17,P03,Shipped,2025-02-17 09:00:00
SO-000076,R01,2026-05-15,2026-05-27,P02,Partially Shipped,2025-02-16 18:00:00
SO-000077,R01,2026-05-23,2026-06-03,P04,Shipped,2025-02-15 05:00:00
SO-000078,R01,2026-05-27,2026-06-05,P02,Partially Shipped,2025-02-16 12:00:00
SO-000079,R01,2026-06-05,2026-06-13,P04,Partially Shipped,2025-02-17 18:00:00
SO-000080,R01,2026-06-12,2026-06-20,P04,Partially Shipped,2025-02-17 02:00:00
SO-000081,R01,2026-06-17,2026-06-28,P04,Shipped,2025-02-17 17:00:00
SO-000082,R02,2025-01-09,2025-01-16,P01,Partially Shipped,2025-02-17 02:00:00
SO-000083,R02,2025-01-14,2025-01-22,P01,Partially Shipped,2025-02-16 00:00:00
SO-000084,R02,2025-01-21,2025-02-02,P05,Shipped,2025-02-16 09:00:00
SO-000085,R02,2025-01-29,2025-02-10,P04,Shipped,2025-02-17 22:00:00
SO-000086,R02,2025-02-02,2025-02-14,P05,Shipped,2025-02-16 02:00:00
SO-000087,R02,2025-02-10,2025-02-24,P03,Shipped,2025-02-15 17:00:00
SO-000088,R02,2025-02-19,2025-03-02,P05,Partially Shipped,2025-02-15 18:00:00
SO-000089,R02,2025-02-23,2025-03-02,P04,Partially Shipped,2025-02-15 22:00:00
SO-000090,R02,2025-02-27,2025-03-07,P01,Partially Shipped,2025-02-16 07:00:00
SO-000091,R02,2025-03-08,2025-03-16,P05,Partially Shipped,2025-02-16 05:00:00
SO-000092,R02,2025-03-16,2025-03-23,P03,Shipped,2025-02-16 02:00:00
SO-000093,R02,2025-03-24,2025-04-07,P01,Partially Shipped,2025-02-16 07:00:00
SO-000094,R02,2025-04-01,2025-04-09,P01,Shipped,2025-02-17 19:00:00
SO-000095,R02,2025-04-10,2025-04-23,P03,Shipped,2025-02-16 07:00:00
SO-000096,R02,2025-04-14,2025-04-23,P05,Partially Shipped,2025-02-16 03:00:00
SO-000097,R02,2025-04-22,2025-05-05,P05,Partially Shipped,2025-02-16 17:00:00
SO-000098,R02,2025-04-30,2025-05-11,P02,Partially Shipped,2025-02-15 04:00:00
SO-000099,R02,2025-05-08,2025-05-16,P01,Shipped,2025-02-16 04:00:00
SO-000100,R02,2025-05-17,2025-05-27,P03,Partially Shipped,2025-02-17 11:00:00
SO-000101,R02,2025-05-25,2025-06-02,P04,Shipped,2025-02-16 00:00:00
SO-000102,R02,2025-06-01,2025-06-13,P02,Shipped,2025-02-17 05:00:00
SO-000103,R02,2025-06-07,2025-06-17,P02,Shipped,2025-02-17 14:00:00
SO-000104,R02,2025-06-15,2025-06-23,P05,Partially Shipped,2025-02-17 04:00:00
SO-000105,R02,2025-06-19,2025-06-29,P05,Shipped,2025-02-16 17:00:00
SO-000106,R02,2025-06-24,2025-07-08,P05,Partially Shipped,2025-02-15 21:00:00
SO-000107,R02,2025-06-29,2025-07-12,P03,Shipped,2025-02-17 10:00:00
SO-000108,R02,2025-07-04,2025-07-15,P01,Partially Shipped,2025-02-16 17:00:00
SO-000109,R02,2025-07-10,2025-07-19,P03,Shipped,2025-02-16 09:00:00
SO-000110,R02,2025-07-17,2025-07-30,P02,Partially Shipped,2025-02-16 10:00:00
SO-000111,R02,2025-07-26,2025-08-02,P03,Partially Shipped,2025-02-15 17:00:00
SO-000112,R02,2025-07-30,2025-08-07,P05,Partially Shipped,2025-02-16 09:00:00
SO-000113,R02,2025-08-03,2025-08-10,P05,Partially Shipped,2025-02-15 01:00:00
SO-000114,R02,2025-08-07,2025-08-20,P04,Partially Shipped,2025-02-16 21:00:00
SO-000115,R02,2025-08-13,2025-08-22,P03,Shipped,2025-02-17 18:00:00
SO-000116,R02,2025-08-17,2025-08-24,P01,Partially Shipped,2025-02-17 21:00:00
SO-000117,R02,2025-08-25,2025-09-07,P02,Shipped,2025-02-16 08:00:00
SO-000118,R02,2025-09-03,2025-09-10,P01,Partially Shipped,2025-02-15 10:00:00
SO-000119,R02,2025-09-11,2025-09-19,P05,Shipped,2025-02-16 03:00:00
SO-000120,R02,2025-09-17,2025-09-24,P05,Partially Shipped,2025-02-17 03:00:00
SO-000121,R02,2025-09-24,2025-10-02,P04,Partially Shipped,2025-02-17 10:00:00
SO-000122,R02,2025-09-29,2025-10-10,P03,Shipped,2025-02-17 15:00:00
SO-000123,R02,2025-10-03,2025-10-10,P03,Shipped,2025-02-16 21:00:00
SO-000124,R02,2025-10-07,2025-10-21,P04,Shipped,2025-02-15 10:00:00
SO-000125,R02,2025-10-13,2025-10-21,P04,Shipped,2025-02-15 19:00:00
SO-000126,R02,2025-10-17,2025-10-25,P01,Shipped,2025-02-16 15:00:00
SO-000127,R02,2025-10-22,2025-10-31,P03,Partially Shipped,2025-02-16 04:00:00
SO-000128,R02,2025-10-28,2025-11-09,P02,Partially Shipped,2025-02-17 00:00:00
SO-000129,R02,2025-11-05,2025-11-12,P03,Shipped,2025-02-16 15:00:00
SO-000130,R02,2025-11-10,2025-11-19,P03,Shipped,2025-02-16 14:00:00
SO-000131,R02,2025-11-14,2025-11-28,P03,Shipped,2025-02-17 16:00:00
SO-000132,R02,2025-11-19,2025-11-29,P01,Shipped,2025-02-15 16:00:00
SO-000133,R02,2025-11-28,2025-12-06,P01,Partially Shipped,2025-02-15 08:00:00
SO-000134,R02,2025-12-06,2025-12-17,P05,Shipped,2025-02-17 08:00:00
SO-000135,R02,2025-12-12,2025-12-21,P04,Shipped,2025-02-17 14:00:00
SO-000136,R02,2025-12-18,2026-01-01,P03,Shipped,2025-02-16 13:00:00
SO-000137,R02,2025-12-27,2026-01-10,P04,Shipped,2025-02-15 18:00:00
SO-000138,R02,2026-01-05,2026-01-15,P01,Shipped,2025-02-17 07:00:00
SO-000139,R02,2026-01-09,2026-01-20,P03,Partially Shipped,2025-02-15 01:00:00
SO-000140,R02,2026-01-17,2026-01-29,P05,Shipped,2025-02-16 17:00:00
SO-000141,R02,2026-01-23,2026-02-01,P01,Shipped,2025-02-17 14:00:00
SO-000142,R02,2026-01-28,2026-02-10,P03,Shipped,2025-02-17 05:00:00
SO-000143,R02,2026-02-04,2026-02-14,P01,Shipped,2025-02-17 06:00:00
SO-000144,R02,2026-02-13,2026-02-22,P04,Shipped,2025-02-15 10:00:00
SO-000145,R02,2026-02-22,2026-03-01,P04,Partially Shipped,2025-02-17 06:00:00
SO-000146,R02,2026-03-01,2026-03-10,P04,Shipped,2025-02-17 13:00:00
SO-000147,R02,2026-03-06,2026-03-20,P03,Shipped,2025-02-16 06:00:00
SO-000148,R02,2026-03-10,2026-03-20,P04,Partially Shipped,2025-02-17 11:00:00
SO-000149,R02,2026-03-15,2026-03-26,P04,Shipped,2025-02-15 21:00:00
SO-000150,R02,2026-03-24,2026-04-04,P04,Shipped,2025-02-16 14:00:00
SO-000151,R02,2026-04-02,2026-04-11,P01,Partially Shipped,2025-02-16 07:00:00
SO-000152,R02,2026-04-08,2026-04-22,P05,Shipped,2025-02-17 06:00:00
SO-000153,R02,2026-04-13,2026-04-21,P03,Partially Shipped,2025-02-17 17:00:00
SO-000154,R02,2026-04-19,2026-04-27,P02,Shipped,2025-02-16 00:00:00
SO-000155,R02,2026-04-25,2026-05-07,P02,Shipped,2025-02-17 13:00:00
SO-000156,R02,2026-05-03,2026-05-10,P05,Partially Shipped,2025-02-16 19:00:00
SO-000157,R02,2026-05-10,2026-05-20,P03,Shipped,2025-02-15 03:00:00
SO-000158,R02,2026-05-14,2026-05-26,P01,Shipped,2025-02-16 08:00:00
SO-000159,R02,2026-05-21,2026-05-28,P01,Shipped,2025-02-17 21:00:00
SO-000160,R02,2026-05-29,2026-06-06,P01,Shipped,2025-02-17 21:00:00
SO-000161,R02,2026-06-05,2026-06-18,P05,Shipped,2025-02-17 22:00:00
SO-000162,R02,2026-06-11,2026-06-20,P01,Shipped,2025-02-15 21:00:00
SO-000163,R03,2025-01-04,2025-01-11,P05,Shipped,2025-02-16 16:00:00
SO-000164,R03,2025-01-10,2025-01-21,P01,Shipped,2025-02-17 02:00:00
SO-000165,R03,2025-01-15,2025-01-28,P05,Shipped,2025-02-15 11:00:00
SO-000166,R03,2025-01-24,2025-02-02,P01,Shipped,2025-02-17 03:00:00
SO-000167,R03,2025-01-29,2025-02-06,P01,Partially Shipped,2025-02-15 03:00:00
SO-000168,R03,2025-02-05,2025-02-17,P03,Shipped,2025-02-17 08:00:00
SO-000169,R03,2025-02-09,2025-02-21,P03,Shipped,2025-02-15 17:00:00
SO-000170,R03,2025-02-16,2025-02-23,P01,Shipped,2025-02-17 18:00:00
SO-000171,R03,2025-02-22,2025-03-07,P05,Shipped,2025-02-15 16:00:00
SO-000172,R03,2025-03-02,2025-03-15,P05,Shipped,2025-02-16 11:00:00
SO-000173,R03,2025-03-09,2025-03-23,P02,Shipped,2025-02-16 13:00:00
SO-000174,R03,2025-03-18,2025-03-30,P01,Shipped,2025-02-15 22:00:00
SO-000175,R03,2025-03-22,2025-03-29,P04,Shipped,2025-02-15 03:00:00
SO-000176,R03,2025-03-28,2025-04-06,P05,Partially Shipped,2025-02-16 02:00:00
SO-000177,R03,2025-04-01,2025-04-11,P05,Shipped,2025-02-15 20:00:00
SO-000178,R03,2025-04-08,2025-04-20,P04,Shipped,2025-02-15 16:00:00
SO-000179,R03,2025-04-16,2025-04-29,P02,Shipped,2025-02-15 06:00:00
SO-000180,R03,2025-04-24,2025-05-07,P04,Shipped,2025-02-17 17:00:00
SO-000181,R03,2025-05-02,2025-05-16,P05,Partially Shipped,2025-02-15 20:00:00
SO-000182,R03,2025-05-08,2025-05-15,P04,Partially Shipped,2025-02-17 20:00:00
SO-000183,R03,2025-05-17,2025-05-28,P03,Shipped,2025-02-15 06:00:00
SO-000184,R03,2025-05-26,2025-06-05,P05,Partially Shipped,2025-02-16 06:00:00
SO-000185,R03,2025-06-01,2025-06-12,P03,Shipped,2025-02-16 13:00:00
SO-000186,R03,2025-06-06,2025-06-18,P03,Shipped,2025-02-17 22:00:00
SO-000187,R03,2025-06-13,2025-06-21,P04,Shipped,2025-02-17 22:00:00
SO-000188,R03,2025-06-22,2025-06-30,P05,Partially Shipped,2025-02-17 02:00:00
SO-000189,R03,2025-06-27,2025-07-07,P03,Partially Shipped,2025-02-16 00:00:00
SO-000190,R03,2025-07-04,2025-07-14,P02,Shipped,2025-02-17 03:00:00
SO-000191,R03,2025-07-09,2025-07-16,P04,Shipped,2025-02-16 06:00:00
SO-000192,R03,2025-07-14,2025-07-26,P01,Shipped,2025-02-16 17:00:00
SO-000193,R03,2025-07-22,2025-08-03,P03,Shipped,2025-02-16 04:00:00
SO-000194,R03,2025-07-30,2025-08-06,P01,Shipped,2025-02-15 13:00:00
SO-000195,R03,2025-08-07,2025-08-19,P01,Shipped,2025-02-17 18:00:00
SO-000196,R03,2025-08-16,2025-08-28,P03,Shipped,2025-02-15 14:00:00
SO-000197,R03,2025-08-24,2025-09-06,P02,Shipped,2025-02-17 14:00:00
SO-000198,R03,2025-09-01,2025-09-08,P05,Shipped,2025-02-17 02:00:00
SO-000199,R03,2025-09-06,2025-09-15,P05,Partially Shipped,2025-02-16 14:00:00
SO-000200,R03,2025-09-13,2025-09-20,P01,Shipped,2025-02-17 04:00:00
SO-000201,R03,2025-09-22,2025-09-29,P03,Partially Shipped,2025-02-15 20:00:00
SO-000202,R03,2025-09-29,2025-10-11,P03,Partially Shipped,2025-02-17 06:00:00
SO-000203,R03,2025-10-03,2025-10-13,P01,Shipped,2025-02-16 13:00:00
SO-000204,R03,2025-10-12,2025-10-21,P04,Shipped,2025-02-15 04:00:00
SO-000205,R03,2025-10-19,2025-10-30,P03,Shipped,2025-02-16 11:00:00
SO-000206,R03,2025-10-26,2025-11-05,P05,Partially Shipped,2025-02-16 05:00:00
SO-000207,R03,2025-11-03,2025-11-17,P01,Partially Shipped,2025-02-16 17:00:00
SO-000208,R03,2025-11-11,2025-11-22,P02,Shipped,2025-02-17 10:00:00
SO-000209,R03,2025-11-16,2025-11-28,P03,Shipped,2025-02-16 12:00:00
SO-000210,R03,2025-11-22,2025-12-02,P04,Partially Shipped,2025-02-16 05:00:00
SO-000211,R03,2025-11-29,2025-12-11,P04,Shipped,2025-02-16 21:00:00
SO-000212,R03,2025-12-04,2025-12-18,P02,Shipped,2025-02-17 10:00:00
SO-000213,R03,2025-12-12,2025-12-26,P05,Shipped,2025-02-16 10:00:00
SO-000214,R03,2025-12-20,2025-12-30,P02,Shipped,2025-02-15 19:00:00
SO-000215,R03,2025-12-29,2026-01-11,P05,Shipped,2025-02-16 14:00:00
SO-000216,R03,2026-01-03,2026-01-12,P05,Shipped,2025-02-15 20:00:00
SO-000217,R03,2026-01-07,2026-01-14,P04,Shipped,2025-02-15 11:00:00
SO-000218,R03,2026-01-15,2026-01-26,P03,Partially Shipped,2025-02-15 21:00:00
SO-000219,R03,2026-01-24,2026-02-07,P03,Partially Shipped,2025-02-15 12:00:00
SO-000220,R03,2026-01-31,2026-02-07,P03,Shipped,2025-02-17 09:00:00
SO-000221,R03,2026-02-04,2026-02-16,P02,Shipped,2025-02-17 06:00:00
SO-000222,R03,2026-02-10,2026-02-17,P03,Shipped,2025-02-16 17:00:00
SO-000223,R03,2026-02-16,2026-02-27,P01,Partially Shipped,2025-02-15 05:00:00
SO-000224,R03,2026-02-25,2026-03-05,P04,Shipped,2025-02-16 04:00:00
SO-000225,R03,2026-03-04,2026-03-18,P02,Partially Shipped,2025-02-17 20:00:00
SO-000226,R03,2026-03-13,2026-03-27,P01,Shipped,2025-02-15 03:00:00
SO-000227,R03,2026-03-20,2026-03-29,P03,Partially Shipped,2025-02-16 04:00:00
SO-000228,R03,2026-03-28,2026-04-09,P02,Shipped,2025-02-16 22:00:00
SO-000229,R03,2026-04-01,2026-04-09,P03,Partially Shipped,2025-02-15 07:00:00
SO-000230,R03,2026-04-08,2026-04-17,P04,Shipped,2025-02-16 00:00:00
SO-000231,R03,2026-04-13,2026-04-26,P03,Shipped,2025-02-16 17:00:00
SO-000232,R03,2026-04-22,2026-05-03,P05,Shipped,2025-02-17 17:00:00
SO-000233,R03,2026-04-26,2026-05-09,P04,Shipped,2025-02-15 17:00:00
SO-000234,R03,2026-05-03,2026-05-17,P01,Shipped,2025-02-15 03:00:00
SO-000235,R03,2026-05-12,2026-05-26,P02,Partially Shipped,2025-02-16 01:00:00
SO-000236,R03,2026-05-21,2026-05-30,P05,Partially Shipped,2025-02-15 17:00:00
SO-000237,R03,2026-05-30,2026-06-09,P05,Partially Shipped,2025-02-17 18:00:00
SO-000238,R03,2026-06-07,2026-06-14,P02,Partially Shipped,2025-02-17 15:00:00
SO-000239,R03,2026-06-13,2026-06-21,P05,Partially Shipped,2025-02-16 11:00:00
SO-000240,R03,2026-06-18,2026-06-28,P02,Shipped,2025-02-17 15:00:00
SO-000241,R04,2025-01-05,2025-01-17,P02,Shipped,2025-02-16 13:00:00
SO-000242,R04,2025-01-14,2025-01-23,P01,Shipped,2025-02-15 12:00:00
SO-000243,R04,2025-01-21,2025-02-02,P01,Partially Shipped,2025-02-16 02:00:00
SO-000244,R04,2025-01-27,2025-02-03,P03,Shipped,2025-02-17 18:00:00
SO-000245,R04,2025-02-04,2025-02-15,P01,Partially Shipped,2025-02-16 12:00:00
SO-000246,R04,2025-02-12,2025-02-26,P05,Shipped,2025-02-17 04:00:00
SO-000247,R04,2025-02-19,2025-03-01,P04,Partially Shipped,2025-02-17 14:00:00
SO-000248,R04,2025-02-28,2025-03-13,P02,Shipped,2025-02-15 11:00:00
SO-000249,R04,2025-03-07,2025-03-14,P02,Partially Shipped,2025-02-16 06:00:00
SO-000250,R04,2025-03-16,2025-03-26,P05,Partially Shipped,2025-02-15 19:00:00
SO-000251,R04,2025-03-22,2025-03-29,P01,Partially Shipped,2025-02-15 16:00:00
SO-000252,R04,2025-03-26,2025-04-02,P02,Shipped,2025-02-16 11:00:00
SO-000253,R04,2025-04-03,2025-04-10,P05,Shipped,2025-02-16 04:00:00
SO-000254,R04,2025-04-07,2025-04-16,P01,Partially Shipped,2025-02-16 10:00:00
SO-000255,R04,2025-04-15,2025-04-29,P05,Partially Shipped,2025-02-15 16:00:00
SO-000256,R04,2025-04-21,2025-05-03,P02,Partially Shipped,2025-02-16 19:00:00
SO-000257,R04,2025-04-27,2025-05-09,P03,Shipped,2025-02-16 08:00:00
SO-000258,R04,2025-05-05,2025-05-12,P04,Shipped,2025-02-16 07:00:00
SO-000259,R04,2025-05-14,2025-05-26,P05,Shipped,2025-02-16 16:00:00
SO-000260,R04,2025-05-22,2025-06-02,P02,Shipped,2025-02-16 05:00:00
SO-000261,R04,2025-05-26,2025-06-06,P01,Partially Shipped,2025-02-15 06:00:00
SO-000262,R04,2025-06-01,2025-06-11,P05,Shipped,2025-02-15 05:00:00
SO-000263,R04,2025-06-07,2025-06-18,P02,Shipped,2025-02-15 07:00:00
SO-000264,R04,2025-06-13,2025-06-22,P02,Partially Shipped,2025-02-17 09:00:00
SO-000265,R04,2025-06-17,2025-06-27,P05,Shipped,2025-02-17 22:00:00
SO-000266,R04,2025-06-22,2025-07-04,P03,Partially Shipped,2025-02-15 21:00:00
SO-000267,R04,2025-06-29,2025-07-08,P03,Shipped,2025-02-16 00:00:00
SO-000268,R04,2025-07-07,2025-07-16,P04,Partially Shipped,2025-02-16 15:00:00
SO-000269,R04,2025-07-13,2025-07-26,P03,Shipped,2025-02-17 07:00:00
SO-000270,R04,2025-07-20,2025-07-30,P02,Shipped,2025-02-16 05:00:00
SO-000271,R04,2025-07-29,2025-08-06,P03,Shipped,2025-02-16 10:00:00
SO-000272,R04,2025-08-05,2025-08-19,P02,Shipped,2025-02-17 21:00:00
SO-000273,R04,2025-08-10,2025-08-20,P02,Partially Shipped,2025-02-16 21:00:00
SO-000274,R04,2025-08-14,2025-08-21,P01,Partially Shipped,2025-02-15 20:00:00
SO-000275,R04,2025-08-23,2025-09-05,P05,Shipped,2025-02-16 18:00:00
SO-000276,R04,2025-08-29,2025-09-07,P03,Shipped,2025-02-17 08:00:00
SO-000277,R04,2025-09-05,2025-09-18,P01,Shipped,2025-02-17 11:00:00
SO-000278,R04,2025-09-09,2025-09-20,P03,Partially Shipped,2025-02-15 20:00:00
SO-000279,R04,2025-09-13,2025-09-27,P04,Partially Shipped,2025-02-17 07:00:00
SO-000280,R04,2025-09-19,2025-09-28,P02,Partially Shipped,2025-02-16 20:00:00
SO-000281,R04,2025-09-27,2025-10-05,P02,Shipped,2025-02-16 13:00:00
SO-000282,R04,2025-10-03,2025-10-16,P05,Partially Shipped,2025-02-16 05:00:00
SO-000283,R04,2025-10-12,2025-10-19,P03,Shipped,2025-02-15 13:00:00
SO-000284,R04,2025-10-18,2025-10-26,P02,Shipped,2025-02-15 21:00:00
SO-000285,R04,2025-10-25,2025-11-08,P02,Shipped,2025-02-15 07:00:00
SO-000286,R04,2025-10-31,2025-11-08,P04,Partially Shipped,2025-02-17 19:00:00
SO-000287,R04,2025-11-04,2025-11-15,P05,Partially Shipped,2025-02-15 14:00:00
SO-000288,R04,2025-11-10,2025-11-19,P01,Shipped,2025-02-16 02:00:00
SO-000289,R04,2025-11-14,2025-11-26,P04,Partially Shipped,2025-02-15 14:00:00
SO-000290,R04,2025-11-19,2025-11-27,P02,Shipped,2025-02-15 01:00:00
SO-000291,R04,2025-11-25,2025-12-03,P02,Partially Shipped,2025-02-16 14:00:00
SO-000292,R04,2025-12-03,2025-12-16,P02,Partially Shipped,2025-02-16 17:00:00
SO-000293,R04,2025-12-09,2025-12-23,P05,Shipped,2025-02-15 14:00:00
SO-000294,R04,2025-12-15,2025-12-25,P03,Shipped,2025-02-16 16:00:00
SO-000295,R04,2025-12-24,2026-01-01,P02,Partially Shipped,2025-02-17 19:00:00
SO-000296,R04,2025-12-30,2026-01-12,P05,Partially Shipped,2025-02-16 06:00:00
SO-000297,R04,2026-01-05,2026-01-15,P05,Partially Shipped,2025-02-16 22:00:00
SO-000298,R04,2026-01-11,2026-01-20,P04,Partially Shipped,2025-02-16 16:00:00
SO-000299,R04,2026-01-16,2026-01-28,P02,Partially Shipped,2025-02-15 01:00:00
SO-000300,R04,2026-01-24,2026-02-01,P03,Shipped,2025-02-15 11:00:00
SO-000301,R04,2026-01-30,2026-02-10,P05,Shipped,2025-02-17 09:00:00
SO-000302,R04,2026-02-06,2026-02-15,P04,Shipped,2025-02-15 08:00:00
SO-000303,R04,2026-02-10,2026-02-18,P04,Shipped,2025-02-16 12:00:00
SO-000304,R04,2026-02-17,2026-03-03,P03,Shipped,2025-02-17 10:00:00
SO-000305,R04,2026-02-25,2026-03-06,P05,Partially Shipped,2025-02-17 01:00:00
SO-000306,R04,2026-03-06,2026-03-15,P05,Shipped,2025-02-15 13:00:00
SO-000307,R04,2026-03-12,2026-03-22,P03,Shipped,2025-02-15 16:00:00
SO-000308,R04,2026-03-16,2026-03-30,P02,Partially Shipped,2025-02-15 20:00:00
SO-000309,R04,2026-03-20,2026-03-27,P04,Shipped,2025-02-17 13:00:00
SO-000310,R04,2026-03-28,2026-04-06,P03,Shipped,2025-02-16 11:00:00
SO-000311,R04,2026-04-06,2026-04-14,P04,Shipped,2025-02-15 11:00:00
SO-000312,R04,2026-04-12,2026-04-19,P03,Shipped,2025-02-15 20:00:00
SO-000313,R04,2026-04-19,2026-05-03,P05,Partially Shipped,2025-02-16 17:00:00
SO-000314,R04,2026-04-23,2026-05-04,P01,Shipped,2025-02-17 08:00:00
SO-000315,R04,2026-05-01,2026-05-15,P05,Shipped,2025-02-15 20:00:00
SO-000316,R04,2026-05-07,2026-05-16,P04,Partially Shipped,2025-02-17 06:00:00
SO-000317,R04,2026-05-15,2026-05-28,P02,Shipped,2025-02-16 02:00:00
SO-000318,R04,2026-05-24,2026-06-02,P04,Partially Shipped,2025-02-16 12:00:00
SO-000319,R04,2026-05-28,2026-06-08,P04,Shipped,2025-02-17 21:00:00
SO-000320,R04,2026-06-03,2026-06-16,P04,Shipped,2025-02-17 15:00:00
SO-000321,R04,2026-06-09,2026-06-18,P03,Shipped,2025-02-17 11:00:00
SO-000322,R04,2026-06-14,2026-06-28,P02,Partially Shipped,2025-02-16 02:00:00
SO-000323,R04,2026-06-18,2026-06-25,P02,Shipped,2025-02-16 10:00:00
SO-000324,R05,2025-01-02,2025-01-14,P04,Shipped,2025-02-16 14:00:00
SO-000325,R05,2025-01-08,2025-01-15,P02,Partially Shipped,2025-02-15 05:00:00
SO-000326,R05,2025-01-16,2025-01-26,P01,Shipped,2025-02-15 03:00:00
SO-000327,R05,2025-01-22,2025-02-04,P02,Partially Shipped,2025-02-16 21:00:00
SO-000328,R05,2025-01-28,2025-02-11,P02,Partially Shipped,2025-02-17 04:00:00
SO-000329,R05,2025-02-05,2025-02-12,P03,Shipped,2025-02-17 08:00:00
SO-000330,R05,2025-02-11,2025-02-21,P03,Partially Shipped,2025-02-15 19:00:00
SO-000331,R05,2025-02-17,2025-03-01,P04,Partially Shipped,2025-02-15 19:00:00
SO-000332,R05,2025-02-24,2025-03-04,P05,Shipped,2025-02-17 04:00:00
SO-000333,R05,2025-03-01,2025-03-14,P05,Shipped,2025-02-16 07:00:00
SO-000334,R05,2025-03-08,2025-03-18,P01,Shipped,2025-02-15 22:00:00
SO-000335,R05,2025-03-17,2025-03-31,P01,Partially Shipped,2025-02-17 18:00:00
SO-000336,R05,2025-03-21,2025-04-03,P05,Partially Shipped,2025-02-17 04:00:00
SO-000337,R05,2025-03-30,2025-04-08,P05,Shipped,2025-02-17 20:00:00
SO-000338,R05,2025-04-06,2025-04-19,P05,Partially Shipped,2025-02-17 10:00:00
SO-000339,R05,2025-04-10,2025-04-22,P02,Shipped,2025-02-16 10:00:00
SO-000340,R05,2025-04-17,2025-04-24,P05,Partially Shipped,2025-02-15 14:00:00
SO-000341,R05,2025-04-23,2025-05-01,P05,Shipped,2025-02-15 20:00:00
SO-000342,R05,2025-04-30,2025-05-10,P01,Shipped,2025-02-15 19:00:00
SO-000343,R05,2025-05-06,2025-05-18,P04,Partially Shipped,2025-02-17 01:00:00
SO-000344,R05,2025-05-15,2025-05-29,P05,Shipped,2025-02-16 10:00:00
SO-000345,R05,2025-05-21,2025-06-01,P02,Partially Shipped,2025-02-15 04:00:00
SO-000346,R05,2025-05-25,2025-06-04,P03,Shipped,2025-02-15 07:00:00
SO-000347,R05,2025-05-31,2025-06-13,P02,Shipped,2025-02-15 00:00:00
SO-000348,R05,2025-06-05,2025-06-18,P04,Partially Shipped,2025-02-16 02:00:00
SO-000349,R05,2025-06-14,2025-06-28,P03,Shipped,2025-02-15 02:00:00
SO-000350,R05,2025-06-22,2025-06-29,P05,Partially Shipped,2025-02-15 16:00:00
SO-000351,R05,2025-06-30,2025-07-10,P04,Shipped,2025-02-15 14:00:00
SO-000352,R05,2025-07-05,2025-07-12,P04,Partially Shipped,2025-02-15 04:00:00
SO-000353,R05,2025-07-10,2025-07-21,P03,Shipped,2025-02-16 02:00:00
SO-000354,R05,2025-07-18,2025-07-27,P05,Partially Shipped,2025-02-17 11:00:00
SO-000355,R05,2025-07-24,2025-08-03,P02,Shipped,2025-02-17 21:00:00
SO-000356,R05,2025-08-02,2025-08-11,P01,Partially Shipped,2025-02-15 05:00:00
SO-000357,R05,2025-08-09,2025-08-16,P04,Shipped,2025-02-16 12:00:00
SO-000358,R05,2025-08-17,2025-08-28,P03,Shipped,2025-02-16 04:00:00
SO-000359,R05,2025-08-22,2025-09-03,P05,Partially Shipped,2025-02-16 05:00:00
SO-000360,R05,2025-08-29,2025-09-11,P01,Shipped,2025-02-15 08:00:00
SO-000361,R05,2025-09-02,2025-09-13,P01,Partially Shipped,2025-02-15 12:00:00
SO-000362,R05,2025-09-06,2025-09-15,P03,Partially Shipped,2025-02-16 03:00:00
SO-000363,R05,2025-09-13,2025-09-25,P02,Shipped,2025-02-16 21:00:00
SO-000364,R05,2025-09-21,2025-10-01,P03,Shipped,2025-02-17 15:00:00
SO-000365,R05,2025-09-28,2025-10-07,P04,Shipped,2025-02-16 00:00:00
SO-000366,R05,2025-10-02,2025-10-12,P04,Shipped,2025-02-16 15:00:00
SO-000367,R05,2025-10-07,2025-10-19,P02,Shipped,2025-02-15 15:00:00
SO-000368,R05,2025-10-12,2025-10-22,P01,Shipped,2025-02-15 08:00:00
SO-000369,R05,2025-10-19,2025-10-31,P04,Shipped,2025-02-15 19:00:00
SO-000370,R05,2025-10-23,2025-11-03,P05,Shipped,2025-02-15 22:00:00
SO-000371,R05,2025-10-28,2025-11-04,P04,Partially Shipped,2025-02-15 17:00:00
SO-000372,R05,2025-11-04,2025-11-17,P01,Partially Shipped,2025-02-16 00:00:00
SO-000373,R05,2025-11-11,2025-11-22,P01,Partially Shipped,2025-02-17 08:00:00
SO-000374,R05,2025-11-16,2025-11-26,P05,Shipped,2025-02-17 07:00:00
SO-000375,R05,2025-11-25,2025-12-04,P03,Shipped,2025-02-17 01:00:00
SO-000376,R05,2025-11-29,2025-12-10,P04,Partially Shipped,2025-02-16 20:00:00
SO-000377,R05,2025-12-07,2025-12-18,P01,Partially Shipped,2025-02-15 12:00:00
SO-000378,R05,2025-12-13,2025-12-25,P05,Shipped,2025-02-16 13:00:00
SO-000379,R05,2025-12-20,2025-12-27,P05,Shipped,2025-02-15 21:00:00
SO-000380,R05,2025-12-25,2026-01-05,P01,Shipped,2025-02-16 18:00:00
SO-000381,R05,2025-12-29,2026-01-06,P02,Shipped,2025-02-16 05:00:00
SO-000382,R05,2026-01-02,2026-01-15,P02,Shipped,2025-02-16 07:00:00
SO-000383,R05,2026-01-10,2026-01-18,P03,Shipped,2025-02-16 14:00:00
SO-000384,R05,2026-01-18,2026-01-31,P04,Partially Shipped,2025-02-15 20:00:00
SO-000385,R05,2026-01-25,2026-02-07,P01,Shipped,2025-02-15 02:00:00
SO-000386,R05,2026-02-03,2026-02-15,P03,Partially Shipped,2025-02-15 12:00:00
SO-000387,R05,2026-02-12,2026-02-19,P01,Shipped,2025-02-15 21:00:00
SO-000388,R05,2026-02-21,2026-03-05,P01,Partially Shipped,2025-02-15 13:00:00
SO-000389,R05,2026-02-25,2026-03-09,P03,Partially Shipped,2025-02-15 15:00:00
SO-000390,R05,2026-03-03,2026-03-12,P03,Partially Shipped,2025-02-17 07:00:00
SO-000391,R05,2026-03-10,2026-03-22,P01,Partially Shipped,2025-02-16 03:00:00
SO-000392,R05,2026-03-14,2026-03-25,P03,Shipped,2025-02-16 09:00:00
SO-000393,R05,2026-03-20,2026-03-31,P04,Partially Shipped,2025-02-15 05:00:00
SO-000394,R05,2026-03-27,2026-04-10,P01,Shipped,2025-02-15 16:00:00
SO-000395,R05,2026-04-03,2026-04-12,P04,Shipped,2025-02-15 21:00:00
SO-000396,R05,2026-04-12,2026-04-24,P02,Shipped,2025-02-15 22:00:00
SO-000397,R05,2026-04-20,2026-05-01,P03,Shipped,2025-02-17 15:00:00
SO-000398,R05,2026-04-26,2026-05-06,P04,Partially Shipped,2025-02-15 16:00:00
SO-000399,R05,2026-05-03,2026-05-17,P03,Shipped,2025-02-15 17:00:00
SO-000400,R05,2026-05-11,2026-05-19,P05,Partially Shipped,2025-02-16 13:00:00
SO-000401,R05,2026-05-18,2026-05-31,P01,Partially Shipped,2025-02-16 19:00:00
SO-000402,R05,2026-05-23,2026-06-01,P04,Partially Shipped,2025-02-17 08:00:00
SO-000403,R05,2026-06-01,2026-06-10,P05,Shipped,2025-02-15 19:00:00
SO-000404,R05,2026-06-08,2026-06-19,P01,Shipped,2025-02-16 09:00:00
SO-000405,R05,2026-06-17,2026-06-26,P05,Shipped,2025-02-16 07:00:00
